SECTION,NUMBER,ASSIGNED_NUMBER,ZONATION,FL_BARNACLE,FL_ROCK,FL_ALGAE,SL_ONE,SL_ONE_PERCENT,SL_TWO,SL_TWO_PERCENT,SL_THREE,SL_THREE_PERCENT,SL_FOUR,SL_FOUR_PERCENT,PORIFERA,anemones,ANNELIDA,MOLLUSCA_POLY,MOLLUSCA_GAS,MOLLUSCA_OPIS,MOLLUSCA_BIV,ARTHROPODA_BARNACLE,ARTHROPODA_ISOPOD,ARTHROPOD_AMPHIPOD,CRAB_BLACK,CRAB_HEMIGRAPSUS,CRAB_HERMIT,CRAB_KELP,CRAB_PORCELAIN,CRAB_ROCK,CRAB_UNKNOWN,BRYOZOA,ASTEROIDEA_HENRICIA,ASTEROIDEA_EVASTERIAS,ASTEROIDEA_DERMASTERIAS,ASTEROIDEA_LEPTASTARIAS,ASTEROIDEA_PISASTER,OPHIUROIDEA,STRONGYLOCENTROTUS,HOLOTHUROIDEA,TUNICATA,OSTEICHTHYES
1,1,1,L,0,50,50,25,TAR,75,ORANGE_SPONGE,0,0,0,0,0,0,0,1,1,0,1,0,0,0,0,0,0,0,0,0,0,0,0,0,0,3,0,0,0,0,0,0
1,2,2,L,0,25,75,25,TAR,25,BARNACLE,0,0,0,0,0,0,0,2,2,0,1,0,0,0,0,0,0,0,0,0,0,0,0,0,0,0,0,0,0,0,0,0
1,3,3,L,0,75,25,25,CCA,25,BRYOZOAN,50,TAR,0,0,0,0,0,1,1,0,0,0,0,0,0,0,0,0,0,0,0,0,0,0,0,0,0,0,0,0,0,0
1,4,4,L,0,50,50,50,CCA,25,TAR,25,BRYOZOAN,25,YELLOW_SPONGE,0,0,0,1,0,0,0,0,0,0,0,0,0,0,0,0,0,0,0,0,0,0,0,0,0,0,0,0
1,5,5,L,0,0,100,25,YELLOW_SPONGE,50,CCA,25 TAR,0,0,,0,0,0,0,1,0,0,0,0,0,0,0,1,0,0,0,0,0,0,0,0,0,0,0,0,0,1,0
1,6,6,L,0,0,100,25,CCA,25,ORANGE_SPONGE,0,0,0,0,0,0,0,0,4,0,1,0,0,0,0,0,0,0,0,0,0,0,0,0,0,0,0,0,0,0,0,0
1,7,7,L,25,50,25,25,CCA,25,TAR,25,ORANGE_SPONGE,0,0,0,0,0,0,1,0,0,0,0,0,0,0,0,0,0,0,0,0,0,0,0,0,0,0,0,0,0,0
1,8,8,L,0,0,100,25,TAR,25,BARNACLE,25,ORANGE_SPONGE,25,YELLOW_SPONGE,0,0,0,0,3,0,1,0,0,0,0,0,0,0,0,0,0,0,0,0,0,0,0,0,0,0,0,0
1,9,9,L,0,25,75,25,TAR,25,CCA,25,ORANGE_SPONGE,25,BARNACLE,0,0,1,0,0,0,1,0,0,0,0,0,0,0,0,0,0,0,0,0,0,0,1,0,0,5,1,0
1,10,10,L,25,25,50,25,TAR,25,BARNACLE,50,ORANGE_SPONGE,0,0,0,0,0,0,0,0,3,0,0,0,0,0,0,0,0,0,0,0,0,0,0,0,1,0,0,1,1,0
1,11,11,M,25,25,50,25,TAR,25,BARNACLE,0,0,0,0,0,0,0,1,27,0,0,0,1,0,0,0,0,0,1,0,0,0,0,0,0,0,0,0,0,0,0,0
1,12,12,M,25,25,50,25,BARNACLE,25,TAR,0,0,0,0,0,0,0,0,6,0,0,0,0,0,0,0,0,0,0,0,0,0,0,0,0,0,0,0,0,0,0,0
1,13,13,M,0,0,100,75,BARNACLE,25,TAR,0,0,0,0,0,0,0,1,8,0,0,0,2,0,0,0,0,0,1,0,0,0,0,0,0,2,0,0,1,1,0,0
1,14,14,M,25,0,75,75,BARNACLE,25,TAR,0,0,0,0,0,0,0,1,5,0,0,0,0,0,0,0,0,0,0,0,0,0,0,0,0,0,0,0,0,0,0,0
1,15,15,M,25,25,50,25,BARNACLE,25,ORANGE_SPONGE,25,YELLOW_SPONGE,0,0,0,0,0,1,0,0,3,0,0,0,1,0,0,0,1,0,0,0,0,0,0,0,0,0,0,1,0,1
1,16,16,M,25,0,75,25,ORANGE_SPONGE,25,BARNACLE,25,CCA,25,YELLOW_SPONGE,0,1,0,0,0,0,1,0,1,0,1,0,0,0,0,0,0,0,0,0,0,0,0,0,0,7,1,1
1,17,17,M,100,0,0,25,CCA,25,BARNACLE,25,TAR,0,0,0,0,0,0,1,0,0,0,0,0,0,0,0,0,0,0,0,0,0,0,0,0,0,0,0,0,0,0
1,18,18,M,25,25,50,25,TAR,75,BARNACLE,0,0,0,0,0,0,0,0,5,0,1,0,0,0,0,0,0,0,0,0,0,0,0,0,0,0,0,0,0,0,0,0
1,19,19,U,0,0,100,25,LIMPET,50,TAR,25,ROCK,0,0,0,0,0,0,0,0,0,0,0,0,0,0,0,0,0,0,0,0,0,0,0,0,0,0,0,0,0,0
1,20,20,U,0,25,75,0,0,0,0,0,0,0,0,0,0,0,0,0,0,0,0,0,0,0,0,0,0,0,0,0,0,0,0,0,0,0,0,0,0,0,0
1,21,21,U,0,75,25,0,0,0,0,0,0,0,0,0,0,0,0,0,0,0,0,0,0,0,0,0,0,0,0,0,0,0,0,0,0,0,0,0,0,0,0
1,22,22,U,0,100,0,0,0,0,0,0,0,0,0,0,0,0,0,0,0,0,0,0,0,0,0,0,0,0,0,0,0,0,0,0,0,0,0,0,0,0,0
1,23,23,U,25,50,25,25,SNAIL,25,LIMPET,0,0,0,0,0,0,0,0,0,0,0,0,0,0,0,0,0,0,0,0,0,0,0,0,0,0,0,0,0,0,0,0
1,24,24,U,0,100,0,0,0,0,0,0,0,0,0,0,0,0,0,0,0,0,0,0,0,0,0,0,0,0,0,0,0,0,0,0,0,0,0,0,0,0,0
1,25,25,U,0,25,75,25,SNAIL,0,0,0,0,0,0,0,0,0,0,10,0,0,0,0,0,0,0,0,0,0,0,0,0,0,0,0,0,0,0,0,0,0,0
1,26,26,U,0,75,25,0,0,0,0,0,0,0,0,0,0,0,0,0,0,0,0,0,0,0,0,0,0,0,0,0,0,0,0,0,0,0,0,0,0,0,0
1,27,27,U,25,50,25,25,SNAIL,0,0,0,0,0,0,0,0,0,0,0,0,0,0,0,0,0,0,0,0,0,0,0,0,0,0,0,0,0,0,0,0,0,0
1,28,28,U,0,100,0,25,SNAIL,0,0,0,0,0,0,0,0,0,0,0,0,0,0,0,0,0,0,0,0,0,0,0,0,0,0,0,0,0,0,0,0,0,0
1,29,29,U,25,50,25,25,SNAIL,0,0,0,0,0,0,0,0,0,0,0,0,0,0,0,0,0,0,0,0,0,0,0,0,0,0,0,0,0,0,0,0,0,0
1,30,30,U,0,50,50,0,0,0,0,0,0,0,0,0,0,0,0,0,0,0,0,0,0,0,0,0,0,0,0,0,0,0,0,0,0,0,0,0,0,0,0
1,31,31,U,0,25,75,0,0,0,0,0,0,0,0,0,0,0,0,0,0,0,0,0,0,0,0,0,0,0,0,0,0,0,0,0,0,0,0,0,0,0,0
1,32,32,U,0,50,50,0,0,0,0,0,0,0,0,0,0,0,0,0,0,0,0,0,0,0,0,0,0,0,0,0,0,0,0,0,0,0,0,0,0,0,0
1,33,33,U,0,25,75,0,0,0,0,0,0,0,0,0,0,0,0,0,0,0,0,0,0,0,0,0,0,0,0,0,0,0,0,0,0,0,0,0,0,0,0
1,34,34,U,25,50,25,0,0,0,0,0,0,0,0,0,0,0,0,0,0,0,0,0,0,0,0,0,0,0,0,0,0,0,0,0,0,0,0,0,0,0,0
1,35,35,M,0,0,100,25,SPONGE,25,BARNACLE,25,AMPHIPOD,25,SEDIMENT,1,0,0,0,7,0,0,0,0,0,1,0,0,1,2,0,0,0,0,0,0,0,0,0,1,1,0,0
1,36,36,M,0,25,75,50,AMPHIPOD,50,SEDIMENT,0,0,0,0,0,0,1,0,0,0,0,0,0,0,0,0,0,2,0,0,0,0,0,0,0,0,0,0,0,0,0,0
1,37,37,M,25,0,75,25,BARNACLE,25,AMPHIPOD,75,SEDIMENT,0,0,0,0,4,0,3,0,0,0,0,0,1,0,0,0,0,0,0,0,0,0,0,0,0,0,0,0,0,0
1,38,38,M,0,50,50,25,AMPHIPOD,75,SEDIMENT,0,0,0,0,0,0,0,0,7,0,0,0,0,0,0,0,0,0,0,0,0,0,0,0,0,0,0,0,0,0,0,0
1,39,39,L,0,50,50,100,SEDIMENT,0,0,0,0,0,0,0,0,3,0,1,0,0,0,0,0,2,0,0,0,0,0,0,0,0,0,0,0,0,0,0,0,0,0
1,40,40,L,0,50,50,75,SEDIMENT,25,BARNACLE,0,0,0,0,1,1,5,1,1,0,1,0,0,0,0,0,1,1,1,0,0,0,0,0,0,1,0,0,0,1,0,0
1,41,41,L,0,50,75,75,SEDIMENT,25,SPONGE,0,0,0,0,2,0,0,1,0,0,0,0,0,0,0,3,0,0,3,0,0,0,0,0,0,0,0,0,0,0,0,0
1,42,42,L,0,25,75,100,SEDIMENT,0,0,0,0,0,0,2,1,7,0,0,0,1,0,0,0,2,0,0,0,2,0,0,0,0,0,0,0,0,0,0,2,0,0
1,43,43,L,0,0,100,50,BARNACLE,50,SEDIMENT,0,0,0,0,1,0,1,0,0,0,0,0,0,0,1,0,0,0,0,0,0,0,0,0,0,0,0,0,0,1,0,0
1,44,44,L,0,0,100,50,BARNACLE,50,SEDIMENT,0,0,0,0,2,0,0,0,0,0,0,0,0,0,1,0,0,0,0,0,0,0,0,0,0,0,0,0,0,3,0,0
1,45,45,L,0,0,100,75,SEDIMENT,25,BARNACLE,0,0,0,0,0,0,1,0,0,0,0,0,0,0,2,2,0,0,0,0,0,0,0,0,0,0,0,0,0,0,0,1
1,46,46,L,0,25,75,75,SEDIMENT,25,BARNACLE,0,0,0,0,0,0,1,0,0,0,0,0,0,0,1,0,0,0,0,0,0,0,0,0,0,0,0,0,0,0,0,2
1,47,47,L,0,0,100,100,SEDIMENT,0,0,0,0,0,0,0,0,2,2,3,0,0,0,0,0,1,0,1,0,0,1,0,0,0,0,0,0,0,0,2,9,0,1
1,48,48,L,0,0,100,50,URCHIN,50,SEA CUCUMBER,0,0,0,0,0,2,2,3,4,0,0,0,0,0,1,3,0,0,3,2,0,0,0,0,0,0,0,0,19,11,0,1
1,49,49,L,0,25,75,100,SEDIMENT,0,0,0,0,0,0,1,0,2,1,0,0,0,0,0,0,7,0,0,0,0,0,0,0,0,0,0,0,0,0,0,2,0,1
1,50,50,L,0,0,100,100,SEDIMENT,0,0,0,0,0,0,1,0,2,0,1,0,0,0,0,0,1,0,0,0,0,0,0,0,0,0,0,0,0,0,0,4,0,1
1,51,51,U,25,50,25,0,0,0,0,0,0,0,0,0,0,0,0,14,0,0,0,0,0,0,0,0,0,0,0,0,0,0,0,0,0,0,0,0,0,0,0
1,52,52,U,25,50,25,25,SNAIL,25,ROCK,25,BARNACLE,25,TAR,0,0,0,0,19,0,0,0,0,0,0,0,0,0,0,0,0,0,0,0,0,0,0,0,0,0,0,0
2,53,1,L,0,0,100,25,BARNACLE,25,CCA,50,WHITE_ENCRUSTING,0,0,0,0,0,0,5,0,0,0,0,0,0,0,0,0,0,0,0,1,0,0,0,0,0,0,0,0,0,0
2,54,2,L,0,25,75,25,WHITE_ENCRUSTING,0,0,0,0,0,0,0,0,0,1,4,0,0,0,0,0,0,0,1,0,0,0,0,0,0,0,0,0,0,0,0,0,0,0
2,55,3,M,25,0,75,25,LIMPET,25,WELK_SNAIL,25,CCA,25,PURPLE_SPONGE,0,0,0,1,1,0,0,0,0,0,0,0,0,0,0,0,0,0,0,0,0,0,0,0,0,0,0,0
2,56,4,M,25,0,75,25,CCA,25,OTHER_UNKNOWN_PORIFERA,25,LIMPET,0,0,0,0,0,1,0,0,1,1,0,0,0,0,0,0,0,0,0,0,0,0,0,1,0,0,0,0,0,0
2,57,5,M,25,50,25,0,0,0,0,0,0,0,0,0,0,1,0,1,0,0,1,0,0,0,0,0,0,0,0,0,0,0,0,0,0,0,0,0,0,0,0
2,58,6,M,0,0,100,0,,0,0,0,0,0,0,0,0,0,0,1,0,0,1,0,0,0,0,0,0,0,0,0,0,0,0,1,0,0,0,0,0,1,0
2,59,7,M,25,25,50,0,0,0,0,0,0,0,0,1,0,3,0,1,0,1,1,0,0,0,0,0,0,0,0,0,1,0,0,0,0,0,0,0,1,0,0
2,60,8,M,25,0,75,0,0,0,0,0,0,0,0,0,0,2,0,2,0,0,1,0,0,0,0,0,0,0,0,0,0,0,0,0,0,0,0,0,0,0,0
2,61,9,M,0,0,100,25,CCA,25,BARNACLE,0,0,0,0,0,0,1,1,2,0,1,0,0,0,0,0,0,0,0,0,0,0,0,0,0,0,0,0,0,0,0,0
2,62,10,M,25,0,75,25,CCA,25,BARNACLE,0,0,0,0,0,0,0,1,1,1,0,0,0,0,0,0,0,0,0,0,0,0,0,0,0,0,0,0,0,0,1,0
2,63,11,L,25,0,75,25,BRYOZOAN,25,CCA,25,SNAIL,0,0,0,0,0,0,0,0,0,0,0,0,0,0,0,0,0,0,0,0,0,0,0,0,0,0,0,0,0,0
2,64,12,L,0,0,100,25,CCA,25,BARNACLE,25,BRYOZOAN,0,0,1,0,0,1,0,0,0,0,0,0,0,0,0,0,0,0,0,0,0,0,0,0,0,0,0,0,0,0
2,65,13,L,25,50,25,0,0,0,0,0,0,0,0,1,0,1,0,4,0,0,0,0,0,0,0,0,0,0,0,0,1,0,0,0,1,0,0,0,1,0,0
2,66,14,L,25,50,25,25,HERMIT_CRAB,25,BARNACLE,0,0,0,0,0,0,1,0,0,0,0,0,0,0,0,0,0,0,0,0,0,1,0,0,0,0,0,0,0,0,0,0
2,67,15,L,25,0,75,25,CCA,0,0,0,0,0,0,1,0,2,0,3,0,1,0,0,0,0,0,1,0,0,0,0,1,0,0,0,0,0,0,0,0,0,0
2,68,16,L,0,25,75,0,0,0,0,0,0,0,0,0,0,0,0,1,0,1,0,0,0,0,0,0,0,0,0,0,0,0,0,0,0,0,0,0,0,0,0
2,69,17,M,25,0,75,25,CCA,25,BARNACLE,0,0,0,0,0,0,0,0,1,0,0,0,0,0,0,0,4,0,0,0,0,0,0,0,0,0,0,0,0,0,0,0
2,70,18,M,25,0,75,25,CCA,0,0,0,0,0,0,0,0,0,1,2,0,0,0,0,0,0,0,0,0,0,0,0,0,0,0,0,0,0,0,0,0,0,0
2,71,19,M,25,25,50,25,CCA,25,BARNACLE,0,0,0,0,0,0,0,0,3,0,0,0,0,0,0,0,1,0,0,0,0,0,0,0,0,0,0,0,0,0,0,0
2,72,20,M,25,25,50,25,BARNACLE,25,BRYOZOAN,25,CCA,0,0,1,0,1,2,2,0,0,0,0,0,0,0,0,0,0,0,0,0,0,0,0,0,0,0,0,0,0,0
2,73,21,M,25,0,75,50,BARNACLE,0,0,0,0,0,0,0,0,0,0,2,0,0,0,0,0,0,0,0,0,0,0,0,0,1,0,0,0,0,0,0,0,0,0
2,74,22,M,25,0,75,25,BARNACLE,25,CCA,0,0,0,0,0,0,0,2,6,0,0,0,0,0,0,0,0,0,0,0,0,0,0,0,0,0,0,0,0,0,0,0
2,75,23,M,25,0,25,25,BARNACLE,0,0,0,0,0,0,0,0,0,0,1,0,0,0,0,0,0,0,1,0,0,0,0,0,0,0,0,0,0,0,0,0,0,0
2,76,24,M,25,50,25,25,BARNACLE,0,0,0,0,0,0,0,0,0,1,3,0,0,0,0,0,0,0,0,0,0,0,0,0,0,0,0,0,0,0,0,0,0,0
2,77,25,U,0,25,75,75,SNAIL,0,0,0,0,0,0,0,0,0,0,0,0,0,0,0,0,0,0,0,0,0,0,0,0,0,0,0,0,0,0,0,0,0,0
2,78,26,U,0,50,50,50,SNAIL,0,0,0,0,0,0,0,0,0,0,1,0,0,1,0,0,0,0,0,0,0,0,0,0,0,0,0,0,0,0,0,0,0,0
2,79,27,U,0,75,25,25,SNAIL,0,0,0,0,0,0,0,0,0,0,0,0,0,0,0,0,0,0,0,0,0,0,0,0,0,0,0,0,0,0,0,0,0,0
2,80,28,U,25,25,50,25,SNAIL,0,0,0,0,0,0,0,0,0,0,0,0,0,0,0,0,0,0,0,0,0,0,0,0,0,0,0,0,0,0,0,0,0,0
2,81,29,U,25,50,25,25,SNAIL,0,0,0,0,0,0,0,0,0,0,1,0,0,0,0,0,0,0,0,0,0,0,0,0,0,0,0,0,0,0,0,0,0,0
2,82,30,U,25,75,0,0,0,0,0,0,0,0,0,0,0,0,0,0,0,0,0,0,0,0,0,0,0,0,0,0,0,0,0,0,0,0,0,0,0,0,0
2,83,31,U,0,25,75,25,LIMPET,50,SNAIL,0,0,0,0,0,0,0,0,0,0,0,0,0,0,0,0,0,0,0,0,0,0,0,0,0,0,0,0,0,0,0,0
2,84,32,U,0,25,75,50,SNAIL,0,0,0,0,0,0,0,0,0,0,5,0,0,4,0,0,0,0,0,0,0,0,0,0,0,0,0,0,0,0,0,0,0,0
2,85,33,U,0,50,50,50,SNAIL,0,0,0,0,0,0,0,0,0,0,0,0,0,0,0,0,0,0,0,0,0,0,0,0,0,0,0,0,0,0,0,0,0,0
2,86,34,U,0,75,25,75,SNAIL,0,0,0,0,0,0,0,0,0,0,0,0,0,0,0,0,0,0,0,0,0,0,0,0,0,0,0,0,0,0,0,0,0,0
2,87,35,U,25,75,0,0,0,0,0,0,0,0,0,0,0,0,0,0,0,0,0,0,0,0,0,0,0,0,0,0,0,0,0,0,0,0,0,0,0,0,0
2,88,36,U,25,75,0,0,0,0,0,0,0,0,0,0,0,0,0,0,0,0,0,0,0,0,0,0,0,0,0,0,0,0,0,0,0,0,0,0,0,0,0
2,89,37,U,0,75,25,0,0,0,0,0,0,0,0,0,0,0,0,0,0,0,0,0,0,0,0,0,0,0,0,0,0,0,0,0,0,0,0,0,0,0,0
2,90,38,U,0,75,25,0,0,0,0,0,0,0,0,0,0,0,0,0,0,0,0,0,0,0,0,0,0,0,0,0,0,0,0,0,0,0,0,0,0,0,0
2,91,39,U,0,50,50,25,SNAIL,0,0,0,0,0,0,0,0,0,0,0,0,0,0,0,0,0,0,0,0,0,0,0,0,0,0,0,0,0,0,0,0,0,0
2,92,40,U,0,100,0,0,0,0,0,0,0,0,0,0,0,0,0,0,0,0,0,0,0,0,0,0,0,0,0,0,0,0,0,0,0,0,0,0,0,0,0
2,93,41,M,50,0,50,50,ROCK,50,BARNACLE,0,0,0,0,0,0,0,0,50,0,5,0,0,0,0,0,0,0,0,0,0,0,0,0,0,0,0,0,0,0,0,0
2,94,42,M,50,25,25,25,SNAIL,75,ROCK,0,0,0,0,0,0,0,0,30,0,0,0,0,0,0,0,2,0,0,0,0,0,0,0,0,0,0,0,0,0,0,0
2,95,43,M,75,0,25,50,ALGAE,50,ROCK,0,0,0,0,1,0,0,4,55,0,1,0,0,0,0,0,1,0,0,0,0,0,0,0,0,0,0,0,0,0,0,0
2,96,44,U,25,50,25,50,SNAIL,25,ROCK,25,ALGAE,,,0,0,0,0,34,0,0,0,0,0,0,0,0,0,0,0,0,0,0,0,0,0,0,0,0,0,0,0
2,97,45,U,0,50,50,50,SNAIL,50,ROCK,0,0,0,0,0,0,0,0,40,0,0,0,0,0,0,0,0,0,0,0,0,0,0,0,0,0,0,0,0,0,0,0
2,98,46,L,0,0,100,25,ALGAE,50,ROCK,25,TURF,0,0,1,0,0,0,2,0,0,0,0,0,0,0,0,0,0,0,0,0,0,0,0,0,0,0,0,0,1,0
2,99,47,L,25,25,50,50,BARNACLE,25,ANNELIDA_TUBEWORM,25,SEDIMENT,0,0,1,0,1,0,3,0,0,0,0,0,0,0,4,2,1,0,0,0,0,0,0,0,0,0,0,0,0,0
2,100,48,L,0,25,75,25,ORANGE_SPONGE,75,BARNACLE,0,0,0,0,13,0,0,1,3,0,0,0,0,0,0,0,1,1,1,0,0,0,0,0,0,0,0,0,0,0,0,0
2,101,49,L,0,0,100,25,SEDIMENT,25,ALGAE,50,BARNACLE,0,0,0,0,1,0,2,0,2,0,0,0,0,0,2,0,2,0,0,0,0,0,0,0,0,0,0,0,12,0
2,102,50,L,0,25,75,25,ALGAE,75,ROCK,0,0,0,0,5,0,0,1,4,0,2,0,0,0,0,0,1,0,0,0,0,0,0,0,1,0,0,0,0,0,0,0
2,103,51,L,0,0,100,25,ORANGE_SPONGE,50,BARNACLE,25,TUNICATE,0,0,0,0,0,0,3,0,0,0,0,1,1,0,0,0,1,0,0,0,0,0,0,0,0,0,0,1,0,1
2,104,52,L,0,0,100,50,ALGAE,50,ROCK,0,0,0,0,0,0,0,0,0,0,0,0,0,0,0,0,1,0,0,0,0,0,0,0,0,0,0,0,0,1,0,0
2,105,53,L,0,0,100,25,ALGAE,75,ROCK,0,0,0,0,1,0,0,0,3,0,1,0,0,0,0,0,0,0,0,0,0,0,0,0,0,0,0,0,0,0,0,0
2,106,54,L,0,0,100,50,ALGAE,50,ROCK,0,0,0,0,0,0,0,0,1,0,0,0,0,0,0,0,0,0,0,0,0,0,0,0,0,0,0,0,0,0,0,0
2,107,55,L,0,25,75,0,0,0,0,0,0,0,0,0,0,0,3,1,0,0,0,0,0,0,0,0,0,0,0,0,0,0,0,0,0,0,0,0,0,6,0
2,108,56,L,0,0,100,25,ALGAE,50,ROCK,25,BARNACLE,0,0,1,0,4,8,0,0,4,0,0,0,0,0,0,0,0,0,0,0,0,0,0,0,0,1,0,0,1,0
2,109,57,L,0,25,75,50,BARNACLE,0,0,0,0,0,0,1,0,2,0,1,0,1,0,0,0,0,0,1,0,4,0,0,0,0,0,0,0,0,0,0,2,0,0
2,110,58,L,25,25,50,0,0,0,0,0,0,0,0,2,0,0,2,4,0,1,0,0,0,0,0,0,0,0,0,0,0,0,0,0,0,0,0,0,0,3,0
2,111,59,L,0,0,100,75,ALGAE,25,SEDIMENT,0,0,0,0,0,0,0,0,5,0,0,0,0,0,0,0,0,0,0,0,0,0,0,0,0,0,0,0,0,0,1,0
2,112,60,M,75,0,25,25,LIMPET,75,ROCK,0,0,0,0,0,0,0,0,0,0,0,0,0,0,0,0,0,0,0,0,0,0,0,0,0,0,0,0,0,0,0,0
2,113,61,M,25,0,75,0,0,0,0,0,0,0,0,0,0,0,0,10,0,0,0,0,0,0,0,0,0,0,0,0,0,0,0,0,0,0,0,0,0,0,0
2,114,62,M,25,25,75,25,CHITON,0,0,0,0,0,0,0,0,0,0,0,0,0,0,0,0,0,0,0,0,0,0,0,0,0,0,0,0,0,0,0,0,0,0
2,115,63,M,25,0,50,0,0,0,0,0,0,0,0,0,0,0,0,0,0,0,0,0,0,0,0,0,0,0,0,0,0,0,0,0,0,0,0,0,0,0,0
2,116,64,M,50,25,25,0,0,0,0,0,0,0,0,0,0,0,0,0,0,0,0,0,0,0,0,0,0,0,0,0,0,0,0,0,0,0,0,0,0,0,0
2,117,65,M,50,25,25,0,0,0,0,0,0,0,0,0,0,0,0,0,0,0,0,0,0,0,0,0,0,0,0,0,0,0,0,0,0,0,0,0,0,0,0
2,118,66,M,50,0,50,0,0,0,0,0,0,0,0,0,0,0,0,0,0,0,0,0,0,0,0,0,0,0,0,0,0,0,0,0,0,0,0,0,0,0,0
2,119,67,M,25,25,50,0,0,0,0,0,0,0,0,0,0,0,0,1,0,0,0,0,0,0,0,0,0,0,0,0,0,0,0,0,0,0,0,0,0,0,0
2,120,68,M,75,25,0,50,BARNACLE,50,ROCK,0,0,0,0,0,0,0,0,7,0,0,0,0,0,0,5,0,0,0,0,0,0,0,0,0,0,0,0,0,0,0,0
2,121,69,M,50,25,25,0,0,0,0,0,0,0,0,0,0,0,0,6,0,1,0,0,0,0,7,5,0,0,0,0,0,0,0,0,0,0,0,1,0,0,0
2,122,70,M,25,25,50,0,0,0,0,0,0,0,0,0,0,0,5,7,0,0,0,0,1,0,0,4,0,2,1,0,0,0,0,0,2,0,0,2,2,0,0
2,123,71,M,25,25,50,0,0,0,0,0,0,0,0,0,1,0,4,21,0,0,0,0,0,0,1,10,0,1,0,0,0,0,0,0,0,0,0,0,6,0,0
3,124,1,L,0,0,100,100,ALGAE,0,0,0,0,0,0,0,0,0,0,10,0,0,0,0,0,0,0,0,0,0,0,0,1,0,0,0,0,0,0,0,0,1,0
3,125,2,L,0,0,100,50,ALGAE,50,ROCK,0,0,0,0,1,0,1,0,7,0,1,0,0,0,0,0,0,0,0,0,0,0,0,0,0,0,0,0,0,0,0,0
3,126,3,L,0,0,100,25,ALGAE,75,ROCK,0,0,0,0,0,0,0,0,0,0,0,0,0,0,2,0,1,0,0,0,0,0,0,0,0,1,0,0,0,0,0,0
3,127,4,L,0,0,100,25,ALGAE,25,BARNACLE,50,ROCK,0,0,0,0,2,1,0,0,0,0,0,0,0,0,1,0,0,0,0,0,0,0,0,0,0,0,0,0,0,0
3,128,5,L,50,0,50,100,ROCK,0,0,0,0,0,0,0,0,0,0,0,0,0,0,0,0,0,0,0,0,0,0,0,0,0,0,0,0,0,0,0,0,0,0
3,129,6,L,0,0,100,25,CCA,25,BRYZOA,25,BARNACLE,25,ALGAE,1,0,1,0,0,0,0,0,0,2,1,0,1,1,0,0,0,0,0,0,0,0,0,0,0,0,0,1
3,130,7,L,0,0,100,75,BROWN ALGAE,25,ROCK,0,0,0,0,0,0,1,0,1,0,1,0,0,0,0,0,0,0,0,0,0,0,0,0,0,0,0,0,0,3,0,0
3,131,8,L,0,0,100,100,BROWN ALGAE,0,0,0,0,0,0,0,0,0,0,0,0,0,0,0,0,1,0,0,0,0,0,0,1,0,0,0,0,0,0,0,0,0,1
3,132,9,M,0,0,100,75,BARNACLE,25,ROCK,0,0,0,0,0,0,0,0,0,0,0,0,0,1,0,0,7,0,0,0,0,0,0,0,0,0,0,0,0,0,0,0
3,133,10,M,0,0,100,25,CCA,25,HERMIT_CRABS,25,ROCK,25,ALGAE,1,0,1,4,5,0,0,2,0,0,0,0,0,1,0,0,0,0,0,0,0,0,0,0,0,0,0,0
3,134,11,M,25,0,75,50,ALGAE,25,SEDIMENT,25,BARNACLE,0,0,1,0,0,1,1,0,0,0,0,0,0,0,4,0,0,0,0,0,0,0,0,0,0,0,0,0,0,0
3,135,12,M,0,25,75,25,LIMPET,50,BARNACLE,25,ROCK,0,0,0,1,0,4,0,0,0,0,0,0,0,0,3,0,0,0,0,0,0,0,0,0,0,0,0,0,0,0
3,136,13,M,0,0,100,25,CCA,25,BARNACLE,50,SEDIMENT,0,0,0,0,0,0,0,0,0,0,0,0,0,0,2,0,0,0,0,0,0,0,0,0,0,0,0,0,0,0
3,137,14,M,25,0,75,50,BARNACLE,50,ROCK,0,0,0,0,0,0,0,0,0,0,0,0,0,0,0,1,0,0,0,0,0,0,0,0,0,0,0,0,0,0,0,0
3,138,15,L,0,0,100,25,CCA,75,ROCK,0,0,0,0,0,0,0,0,1,0,0,0,0,1,1,0,1,0,0,0,0,0,0,0,0,0,0,0,0,0,0,1
3,139,16,L,0,0,100,25,CCA,75,ROCK,,,,,0,0,0,0,0,0,0,0,0,0,0,0,0,0,0,0,0,0,0,0,0,0,0,0,0,0,0,0
3,140,17,L,0,0,100,25,RED ALGAE,25,M SPLENDIS (IRIDESCENT),50,CCA,0,0,0,0,1,0,2,0,0,0,0,0,0,0,0,0,0,0,0,0,0,0,0,0,0,0,0,0,0,0
3,141,18,L,0,0,100,25,SEDIMENT,50,ROCK,0,0,0,0,0,0,0,0,0,0,0,0,0,0,0,0,0,0,0,0,0,0,0,0,0,0,0,0,0,0,0,0
3,142,19,M,50,25,25,100,BARNACLE,0,0,0,0,0,0,0,1,0,4,6,0,0,0,0,0,0,0,2,0,0,0,0,0,0,0,0,0,0,0,0,0,0,0
3,143,20,M,25,0,75,75,BROWN ALGAE,25,BARNACLE,0,0,0,0,0,0,0,1,0,0,0,0,0,0,0,0,0,0,0,0,0,0,0,0,0,0,0,0,0,0,0,0
3,144,21,L,0,0,100,25,CCA,25,PORIFERA_ORANGE,0,0,0,0,0,0,0,0,9,0,0,0,0,0,0,0,0,0,0,0,0,0,0,0,0,0,0,0,0,0,0,0
3,145,22,L,0,0,100,25,CCA,25,PORIFERA_ORANGE,25,TAR,25,WHITE_ENCRUSTING,0,0,1,1,2,0,0,0,0,0,0,0,0,0,0,0,0,0,0,0,0,0,0,0,0,0,0,0
3,146,23,L,0,0,75,25,TAR,25,WHITE_ENCRUSTING,25,CCA,25,LIMPET,0,0,0,0,26,0,0,0,0,0,0,0,0,0,0,0,0,0,0,0,0,0,0,0,0,0,0,0
3,147,24,L,0,0,100,25,CCA,25,WHITE_ENCRUSTING,25,CCA,25,TAR,0,0,0,0,1,0,0,0,0,0,0,0,1,0,0,0,0,0,0,0,1,0,0,0,0,0,0,0
3,148,25,M,25,25,50,75,BARNACLE,25,TAR,0,0,0,0,0,0,0,0,0,0,1,0,0,0,0,0,0,0,0,0,0,0,0,0,0,0,0,0,0,0,0,0
3,149,26,M,25,25,50,75,BARNACLE,25,TAR,0,0,0,0,0,0,0,0,0,0,0,0,0,0,0,0,0,0,0,0,0,0,0,0,0,0,0,0,0,0,0,0
3,150,27,U,0,75,25,25,TAR,25,FUCUS,0,0,0,0,0,0,0,0,0,0,0,0,0,0,0,0,0,0,0,0,0,0,0,0,0,0,0,0,0,0,0,0
3,151,28,U,0,75,25,25,TAR,25,FUCUS,0,0,0,0,0,0,0,0,0,0,0,0,0,0,0,0,0,0,0,0,0,0,0,0,0,0,0,0,0,0,0,0
3,152,29,L,0,0,100,25,CCA,25,SPONGE,25,BARNACLE,0,0,0,0,0,0,0,0,0,0,0,0,0,0,3,0,0,0,1,0,0,0,0,0,0,0,0,0,0,0
3,153,30,L,0,0,100,25,PORIFERA_ORANGE,25,CCA,25,WHITE_ENCRUSTING,25,GASTROPODA,0,0,0,0,1,0,0,0,0,0,0,0,0,0,0,0,0,0,0,0,0,0,0,0,0,1,0,0
3,154,31,M,25,50,25,25,TAR,25,CCA,25,BARNACLE,0,0,0,0,0,0,7,0,0,0,0,0,0,0,1,0,0,0,0,0,0,0,0,0,0,0,1,1,0,0
3,155,32,M,0,25,75,25,TAR,25,CCA,25,LIMPET,0,0,0,0,0,1,2,0,0,0,0,0,1,0,0,0,0,0,0,0,0,0,0,0,0,1,1,1,0,0
3,156,33,U,0,75,25,25,RED ALGAE,25,TAR,0,0,0,0,0,0,0,0,2,0,0,0,0,0,0,0,0,0,0,0,0,0,0,0,0,0,0,0,0,0,0,0
3,157,34,U,0,75,25,0,0,0,0,0,0,0,0,0,0,0,0,0,0,0,0,0,0,0,0,0,0,0,0,0,0,0,0,0,0,0,0,0,0,0,0
3,158,35,L,0,25,75,75,CCA,25,SPONGE,25,BRYZOA,0,0,0,0,1,0,0,0,0,0,0,1,4,0,0,0,1,0,0,0,0,0,0,0,0,0,0,3,0,1
3,159,36,L,0,0,100,75,CCA,25,SPONGE,25,BRYZOA,0,0,0,0,1,0,0,0,0,0,0,0,2,0,1,0,0,0,0,0,0,0,0,0,0,0,0,0,0,1
3,160,37,M,0,50,50,25,SPONGE,25,TAR,25,BRYZOA,25,BARNACLE,0,0,1,0,7,0,0,0,0,0,0,0,0,0,0,0,0,0,0,0,0,0,0,0,0,0,0,0
3,161,38,M,25,75,0,0,0,0,0,0,0,0,0,0,0,0,1,4,0,0,0,0,1,1,0,0,0,1,0,0,0,0,0,0,0,0,0,0,0,0,0
3,162,39,U,0,0,50,25,TAR,0,0,0,0,0,0,0,0,0,0,17,0,0,0,0,0,0,0,0,0,0,0,0,0,0,0,0,0,0,0,0,0,0,0
3,163,40,U,0,0,75,25,TAR,0,0,0,0,0,0,0,0,0,0,4,0,0,0,0,0,0,0,2,0,0,0,0,0,0,0,0,0,0,0,0,0,0,0
3,164,41,L,0,0,100,25,CCA,25,BARNACLE,25,BRYZOA,25,SPONGE,0,0,0,0,1,0,0,0,0,0,0,0,1,0,0,0,1,0,0,0,0,0,0,0,0,0,0,0
3,165,42,L,0,0,100,25,CCA,25,BARNACLE,25,BRYZOA,25,SPONGE,0,0,0,0,1,0,2,0,0,0,0,0,0,0,0,0,0,0,0,0,0,0,0,0,0,0,0,0
3,166,43,M,0,75,25,25,TAR,0,0,0,0,0,0,0,0,0,0,35,0,0,0,0,0,0,0,0,0,0,0,0,0,0,0,0,0,0,0,0,0,0,0
3,167,44,M,0,75,25,25,TAR,25,BARNACLE,0,0,0,0,0,0,0,0,30,0,0,0,0,0,0,0,0,0,0,0,0,0,0,0,0,0,0,0,0,0,0,0
3,168,45,U,0,0,50,25,FUCUS,25,BARNACLE,25,ROCK,25,RED ALGAE,0,0,0,0,0,0,0,0,0,0,0,0,0,0,0,0,0,0,0,0,0,0,0,0,0,0,0,0
3,169,46,L,0,50,50,25,PORIFERA_ORANGE,25,CCA,25,BARNACLE,25,BRYZOA,0,0,0,2,1,0,0,0,0,0,2,0,0,0,0,0,0,0,0,0,0,0,0,0,0,0,0,2
3,170,47,L,0,0,100,25,BARNACLE,25,CCA,0,0,0,0,0,0,0,0,9,0,0,0,0,0,0,0,0,0,0,0,0,0,0,0,0,0,0,0,0,0,0,0
3,171,48,U,0,50,50,0,0,0,0,0,0,0,0,0,0,0,0,1,0,0,0,0,0,0,0,0,0,0,0,0,0,0,0,0,0,0,0,0,0,0,0
3,172,49,U,0,25,75,0,0,0,0,0,0,0,0,0,0,0,0,8,0,0,0,0,0,0,0,0,0,0,0,0,0,0,0,0,0,0,0,0,0,0,0
3,173,50,M,0,0,100,25,CCA,25,PORIFERA_ORANGE,0,0,0,0,0,0,0,0,4,1,1,0,0,1,1,0,0,0,1,0,0,0,0,0,0,0,1,0,0,0,2,0
3,174,51,M,0,0,100,25,BRYZOA,0,0,0,0,0,0,0,0,0,0,2,0,0,0,0,0,0,0,0,0,0,0,0,0,0,0,0,0,0,0,0,0,0,0
3,175,52,U,0,0,100,25,CCA,25,BARNACLE,0,0,0,0,0,0,0,0,0,0,0,0,0,0,0,0,0,0,0,0,0,0,0,0,0,0,0,0,0,0,0,0
3,176,53,U,0,75,25,0,0,0,0,0,0,0,0,0,0,0,0,2,0,0,0,0,0,0,0,0,0,0,0,0,0,0,0,0,0,0,0,0,0,0,0
3,177,54,U,0,25,75,50,TURBAN_SNAIL,50,TAR,0,0,0,0,0,0,0,0,0,0,0,0,0,0,0,0,0,0,0,0,0,0,0,0,0,0,0,0,0,0,0,0
3,178,55,M,0,0,100,100,SEDIMENT,0,0,0,0,0,0,0,0,0,2,12,0,0,0,0,0,0,0,1,0,0,0,0,0,0,0,0,0,0,0,0,0,0,0
3,179,56,L,0,0,100,75,ALGAE,25,SEDIMENT,0,0,0,0,0,0,0,2,0,0,0,0,0,0,0,0,0,0,0,0,0,0,0,0,0,0,0,0,0,0,0,0
4,180,1,U,75,0,75,0,0,0,0,0,0,0,0,0,0,0,0,0,0,0,0,0,0,0,0,0,0,0,0,0,0,0,0,0,0,0,0,0,0,0,0
4,181,2,U,25,25,50,0,0,0,0,0,0,0,0,0,0,0,0,0,0,0,0,0,0,0,0,0,0,0,0,0,0,0,0,0,0,0,0,0,0,0,0
4,182,3,U,25,25,50,0,0,0,0,0,0,0,0,0,0,0,0,0,0,0,0,0,0,0,0,0,0,0,0,0,0,0,0,0,0,0,0,0,0,0,0
4,183,4,U,25,0,75,0,0,0,0,0,0,0,0,0,0,0,0,0,0,0,0,0,0,0,0,0,0,0,0,0,0,0,0,0,0,0,0,0,0,0,0
4,184,5,U,25,75,0,25,MUSSEL,0,0,0,0,0,0,0,0,0,0,0,0,0,0,0,0,0,0,0,0,0,0,0,0,0,0,0,0,0,0,0,0,0,0
4,185,6,U,25,75,0,25,MUSSEL,0,0,0,0,0,0,0,0,0,0,0,0,0,0,0,0,0,0,0,0,0,0,0,0,0,0,0,0,0,0,0,0,0,0
4,186,7,U,0,75,25,25,DOGWINKLE,0,0,0,0,0,0,0,0,0,0,0,0,0,0,0,0,0,0,0,0,0,0,0,0,0,0,0,0,0,0,0,0,0,0
4,187,8,U,0,50,50,25,DOGWINKLE,0,0,0,0,0,0,0,0,0,0,2,0,0,0,0,0,0,0,0,0,0,0,0,0,0,0,0,0,0,0,0,0,0,0
4,188,9,U,50,50,0,25,MUSSEL,0,0,0,0,0,0,0,0,0,0,0,0,0,0,0,0,0,0,0,0,0,0,0,0,0,0,0,0,0,0,0,0,0,0
4,189,10,U,50,50,0,25,MUSSEL,0,0,0,0,0,0,0,0,0,0,0,0,0,0,0,0,0,0,0,0,0,0,0,0,0,0,0,0,0,0,0,0,0,0
4,190,11,U,0,100,0,0,0,,,,,,,0,0,0,0,0,0,0,0,0,0,0,0,0,0,0,0,0,0,0,0,0,0,0,0,0,0,0,0
4,191,5,U,0,25,75,75,TURBAN_SNAIL,25,ROCK,0,0,0,0,0,0,0,1,0,0,1,0,0,0,0,0,0,0,0,0,0,0,0,0,0,0,0,0,0,0,0,0
4,192,6,U,0,75,25,25,TURBAN_SNAIL,75,ROCK,0,0,0,0,0,0,0,0,0,0,0,0,0,0,0,0,0,0,0,0,0,0,0,0,0,0,0,0,0,0,0,0
4,193,7,U,0,50,50,50,TURBAN_SNAIL,25,HERMIT_CRABS,25,ROCK,0,0,0,0,0,0,0,0,0,0,0,0,0,0,0,0,0,0,0,0,0,0,0,0,0,0,0,0,0,0
4,194,8,U,25,50,25,50,TURBAN_SNAIL,50,ROCK,0,0,0,0,0,0,0,0,0,0,0,0,0,0,0,0,0,0,0,0,0,0,0,0,0,0,0,0,0,0,0,0
4,195,9,U,0,75,25,50,SNAIL,50,ROCK,0,0,0,0,0,0,0,0,1,0,0,0,0,0,0,8,1,0,0,0,0,0,0,0,0,0,0,0,0,0,0,0
4,196,10,U,0,25,75,75,SNAIL,25,ROCK,0,0,0,0,0,0,0,0,0,0,0,0,0,0,0,1,0,0,0,0,0,0,0,0,0,0,0,0,0,0,0,0
4,197,11,M,25,0,75,25,SEDIMENT,25,TURF,50,BARNACLE,0,0,0,0,0,1,15,0,0,0,0,0,0,0,2,0,0,0,0,0,0,0,0,0,0,0,0,0,0,0
4,198,12,M,75,0,25,0,0,0,0,0,0,0,0,0,0,0,1,25,0,2,0,0,0,0,0,0,0,0,0,0,0,0,0,0,0,0,0,0,0,0,0
4,199,13,M,0,0,100,75,TURF,25,SEDIMENT,0,0,0,0,0,0,0,0,1,0,0,0,0,0,0,1,4,0,0,0,0,0,0,0,0,0,0,0,0,0,0,0
4,200,14,M,0,0,100,75,ALGAE,25,SEDIMENT,0,0,0,0,0,0,1,1,0,0,0,0,0,0,0,0,2,0,0,0,0,0,0,0,0,0,0,0,0,0,0,0
4,201,15,U,25,50,0,0,0,0,0,0,0,0,0,0,0,0,0,0,0,0,0,0,0,0,0,0,0,0,0,0,0,0,0,0,0,0,0,0,0,0,0
4,202,16,M,25,0,75,25,CCA,25,SARGASSUM,50,ROCK,0,0,0,0,0,2,12,0,0,0,0,0,0,0,7,0,0,0,0,0,0,0,0,4,0,0,0,0,0,0
4,203,17,M,0,0,100,25,BARNACLE,25,TURBAN_SNAIL,50,SEDIMENT,0,0,0,1,0,0,3,0,0,0,0,0,0,0,0,0,0,0,0,0,0,0,0,0,0,0,0,0,0,0
4,204,18,M,0,50,50,50,SEDIMENT,25,TURBAN_SNAIL,25,TAR,0,0,0,0,0,0,13,0,0,0,0,0,0,0,4,0,0,0,0,0,0,0,0,0,0,0,0,0,0,1
4,205,19,M,0,25,75,25,BARNACLE,25,TURBAN_SNAIL,50,TAR,0,0,0,0,0,0,4,0,0,0,0,0,0,0,4,0,0,0,0,0,0,0,0,0,0,0,0,0,0,0
4,206,20,M,0,0,100,50,TURBAN_SNAIL,25,TAR,25,BARNACLE,0,0,0,0,0,0,5,0,1,0,0,0,0,0,0,0,0,0,1,0,0,0,0,0,0,0,0,0,0,0
4,207,21,M,25,25,50,50,TURBAN_SNAIL,25,TAR,25,ROCK,0,0,0,0,0,0,17,0,1,0,0,0,0,0,0,0,0,0,0,0,0,0,0,0,0,0,0,0,0,0
4,208,22,M,50,25,25,50,BARNACLE,25,CCA,25,SEDIMENT,0,0,1,1,1,3,9,0,0,0,0,0,0,0,4,3,0,0,0,0,0,0,0,2,0,0,0,0,0,1
4,209,23,M,25,50,25,50,BARNACLE,50,SEDIMENT,0,0,0,0,0,0,0,0,0,0,0,0,0,0,1,25,1,0,0,0,0,0,0,0,1,0,0,2,0,0,0,0
4,210,24,L,0,25,75,75,ROCK,25,BARNACLE,0,0,0,0,1,0,0,0,1,0,0,0,0,0,0,0,1,0,1,0,0,0,0,0,0,0,0,0,0,1,0,0
4,211,25,L,0,25,75,100,ROCK,0,0,0,0,0,0,2,1,2,0,1,0,0,0,0,0,0,0,0,0,0,0,0,0,0,0,0,0,0,0,0,0,0,0
4,212,26,L,0,0,100,75,SEDIMENT,25,AMPHIPODS,0,0,0,0,0,0,1,0,0,0,0,1,0,0,0,0,0,0,0,0,0,0,0,0,0,0,0,1,0,0,0,0
4,213,27,L,25,50,25,75,SEDIMENT,25,AMPHIPODS,0,0,0,0,0,0,0,0,0,0,0,0,0,0,0,0,0,1,0,0,0,0,0,0,0,0,0,0,0,0,0,0
4,214,28,L,0,0,100,50,SEDIMENT,50,ALGAE,0,0,0,0,0,0,2,0,2,0,0,1,0,3,0,0,3,1,0,0,0,0,0,0,0,0,0,0,0,0,0,0
4,215,29,L,0,50,50,25,TAR,75,ROCK,0,0,0,0,0,0,0,0,2,0,0,1,0,1,0,0,3,0,0,0,0,0,0,0,0,0,0,0,1,0,0,0
4,216,30,L,0,0,100,100,TURF_WEED,0,0,0,0,0,0,3,0,0,0,3,0,0,0,0,0,0,0,1,1,0,0,0,0,0,0,0,0,0,0,0,0,0,0
4,217,31,L,0,0,75,25,BARNACLE,75,ALGAE,0,0,0,0,0,0,5,0,1,0,0,0,0,0,0,0,0,0,0,0,0,0,0,0,0,0,0,0,0,0,0,0
4,218,32,L,0,25,75,75,ALGAE,25,BARNACLE,0,0,0,0,0,0,5,1,13,0,0,0,0,0,0,0,0,0,0,0,0,0,0,1,0,0,0,0,1,0,0,0
4,219,33,L,0,0,100,100,ALGAE,0,0,0,0,0,0,0,0,1,2,3,0,0,0,0,0,0,0,0,0,0,0,0,0,0,1,0,0,0,0,0,0,1,0
4,220,34,L,0,0,100,75,ALGAE,25,SEDIMENT,0,0,0,0,0,0,0,3,7,0,0,0,0,0,0,0,4,0,0,1,0,0,0,0,0,0,0,0,0,0,0,0
4,221,35,L,0,0,100,75,CCA,25,SEDIMENT,0,0,0,0,0,0,1,1,2,0,0,0,0,0,0,0,8,0,0,0,0,0,0,0,0,0,0,0,0,0,0,0
4,222,36,L,0,0,100,50,CCA,50,SEA_SQUIRT,0,0,0,0,1,0,2,0,2,0,2,0,0,0,0,0,0,0,0,0,0,0,0,0,0,0,0,0,0,0,0,0
4,223,37,L,0,0,100,100,CCA,0,0,0,0,0,0,0,1,1,3,1,0,0,0,0,0,0,0,0,0,0,0,0,0,0,0,0,0,0,0,0,0,1,0
4,224,38,L,0,0,100,25,SEDIMENT,75,PORIFERA,0,0,0,0,0,0,8,4,6,0,2,0,0,0,0,1,13,2,11,0,0,1,1,0,1,1,0,0,0,4,2,2
4,225,39,L,0,0,100,50,BARNACLE,50,SEDIMENT,0,0,0,0,0,0,3,5,0,0,0,0,0,0,0,0,10,5,5,1,0,1,0,1,1,1,0,0,0,6,3,0
4,226,40,M,25,25,50,25,LIMPET,25,ROCK,25,BARNACLE,25,TAR,0,0,0,0,0,0,0,0,0,0,0,2,4,0,0,0,0,0,0,0,0,1,0,0,3,0,0,0
4,227,41,M,0,25,25,25,LIMPET,25,AMPHIPODS,50,SEDIMENT,0,0,0,0,0,1,3,0,0,0,0,0,0,13,8,0,0,0,0,0,0,0,0,0,0,0,0,0,0,0
4,228,42,L,25,50,25,25,LIMPET,25,AMPHIPODS,50,SEDIMENT,0,0,1,0,2,0,0,0,0,0,0,0,0,2,0,0,0,0,0,0,0,0,0,0,0,0,0,0,0,0
4,229,43,L,0,75,25,25,BARNACLE,25,AMPHIPODS,50,SEDIMENT,0,0,1,0,0,0,4,0,0,0,0,0,1,2,0,1,0,0,0,0,1,0,0,0,0,0,0,0,0,1
4,230,44,M,0,25,75,25,LIMPET,50,BARNACLE,25,TAR,0,0,1,0,0,4,2,0,0,0,0,0,0,0,0,0,0,0,0,0,0,0,0,0,0,0,0,0,0,0
4,231,45,M,25,50,25,50,BARNACLE,25,LIMPET,25,ALGAE,0,0,0,0,0,1,0,0,0,0,0,0,0,0,0,0,0,0,0,0,0,0,0,0,0,0,0,0,0,0
4,232,46,M,0,0,100,25,BARNACLE,25,LIMPET,25,TURF_WEED,25,NUCELLA,0,0,0,0,1,0,9,0,0,0,0,0,0,0,0,0,0,0,0,0,0,0,0,0,0,0,0,0
4,233,47,M,0,0,100,25,LIMPET,25,NUCELLA,50,TURF_WEED,0,0,0,0,0,0,0,0,0,1,0,0,0,0,0,0,0,0,0,0,0,0,0,0,0,0,0,0,0,0
4,234,48,L,0,0,100,75,SEDIMENT,25,BARNACLES,0,0,0,0,1,0,1,0,3,0,0,0,0,0,0,0,0,0,0,0,0,0,0,0,0,0,0,0,0,0,0,0
4,235,49,L,0,0,100,75,SEDIMENT,25,SUGAR,0,0,0,0,0,0,0,0,2,0,0,1,0,0,0,0,6,0,0,0,0,0,0,0,0,0,0,0,0,0,0,0
4,236,50,L,0,0,100,50,SEDIMENT,50,BARNACLE,0,0,0,0,0,0,1,0,9,0,0,0,0,0,0,0,0,0,0,0,0,0,0,0,0,0,0,0,0,0,0,1
4,237,51,L,0,0,100,50,ROCK,35,BARNACLE,25,ALGAE,0,0,0,0,0,1,20,0,1,0,0,0,0,0,0,0,0,0,0,0,0,0,0,0,0,0,0,0,0,1
4,238,52,M,75,0,25,50,SEDIMENT,50,BARNACLE,0,0,0,0,0,0,0,3,24,0,0,0,0,0,0,0,7,2,0,0,0,0,0,0,0,1,0,0,0,0,0,0
4,239,53,M,25,25,50,50,SEDIMENT,25,AMPHIPODS,25,LIMPET,0,0,0,0,0,0,18,0,0,0,0,0,0,2,8,0,0,0,0,0,0,0,0,3,0,0,18,0,0,0
4,240,54,M,50,0,50,50,BARNACLE,25,TURBAN_SNAIL,25,HERMIT_CRABS,0,0,0,0,0,0,0,0,0,0,0,0,0,2,0,0,0,0,0,0,0,0,0,0,0,0,0,0,0,1
4,241,55,M,0,25,75,50,BARNACLE,50,SEDIMENT,0,0,0,0,1,0,0,1,0,0,0,0,0,0,0,3,8,0,0,0,0,0,0,1,0,4,0,0,0,0,0,0
4,242,56,U,25,50,25,0,0,0,0,0,0,0,0,0,0,0,0,0,0,0,0,0,0,0,0,0,0,0,0,0,0,0,0,0,0,0,0,0,0,0,0
4,243,57,U,25,75,25,0,0,0,0,0,0,0,0,0,0,0,0,0,0,0,0,0,0,0,0,0,0,0,0,0,0,0,0,0,0,0,0,0,0,0,0
4,244,58,U,0,75,25,25,SNAIL,0,0,0,0,0,0,0,0,0,0,0,0,0,0,0,0,0,0,0,0,0,0,0,0,0,0,0,0,0,0,0,0,0,0
4,245,59,U,0,75,25,25,SNAIL,0,0,0,0,0,0,0,0,0,0,6,0,0,0,0,0,0,0,0,0,0,0,0,0,0,0,0,0,0,0,0,0,0,0
4,246,60,U,0,75,25,25,SNAIL,0,0,0,0,0,0,0,0,0,0,8,0,0,0,0,0,0,0,0,0,0,0,0,0,0,0,0,0,0,0,0,0,0,0
4,247,61,U,0,75,25,25,SNAIL,0,0,0,0,0,0,0,0,0,0,0,0,0,0,0,0,0,0,0,0,0,0,0,0,0,0,0,0,0,0,0,0,0,0
5,248,1,L,0,25,75,100,SEDIMENT,0,0,0,0,0,0,2,0,10,0,0,0,0,0,0,0,1,0,0,0,0,1,0,0,0,0,0,0,0,0,0,1,0,0
5,249,2,L,0,0,100,25,BARNACLE,75,SEDIMENT,0,0,0,0,1,0,0,0,0,0,0,0,0,0,0,0,0,0,0,0,0,0,0,0,0,0,0,0,0,0,0,0
5,250,3,L,0,0,100,25,BARNACLE,75,SEDIMENT,0,0,0,0,2,0,6,0,0,0,0,0,0,0,1,0,0,0,0,0,0,0,0,0,0,2,0,0,0,0,0,0
5,251,4,L,0,25,75,100,SEDIMENT,0,0,0,0,0,0,0,0,1,0,0,0,0,2,0,0,2,0,0,0,0,0,0,0,0,0,0,0,0,3,0,0,0,0
5,252,5,L,0,25,75,0,0,0,0,0,0,0,0,0,0,0,0,0,0,0,0,0,0,0,0,0,1,0,0,0,0,0,0,0,0,0,3,0,0,0,0
5,253,6,M,25,25,50,50,ALGAE,50,SEDIMENT,0,0,0,0,0,0,0,1,6,0,0,0,0,0,0,0,0,0,0,0,0,0,0,0,0,0,0,0,0,0,0,0
5,254,7,M,25,0,75,50,ALGAE,50,BARE ROCK,0,0,0,0,0,0,0,0,15,0,0,0,0,0,0,0,15,0,0,0,0,0,0,0,0,1,0,0,0,0,0,0
5,255,8,M,0,25,75,50,ALGAE,50,BARNACLE,0,0,0,0,1,0,0,2,4,0,0,0,1,0,0,0,5,0,0,0,0,0,0,0,0,0,0,0,0,0,0,0
5,256,9,M,25,50,25,75,ALGAE,25,TURBAN_SNAIL,0,0,0,0,0,0,0,0,0,0,0,1,0,0,0,0,5,0,0,0,0,0,0,0,0,0,0,0,0,0,0,0
5,257,10,M,0,0,100,75,ALGAE,25,TURBAN_SNAIL,0,0,0,0,0,0,0,1,0,0,0,1,0,0,0,0,0,0,0,0,0,0,0,0,0,0,0,0,0,0,0,0
5,258,11,M,0,0,100,25,BARNACLE,50,ROCK,25,TURBAN_SNAIL,0,0,0,0,0,0,11,0,0,0,0,0,0,0,0,0,0,0,0,0,0,0,0,0,0,0,0,0,0,0
5,259,12,M,0,0,100,50,ALGAE,50,ROCK,0,0,0,0,0,0,0,0,6,0,0,1,3,0,0,0,0,0,0,0,0,0,0,0,0,0,0,0,0,0,0,0
5,260,13,M,25,0,75,25,BARNACLE,75,ROCK,0,0,0,0,0,0,0,0,19,0,0,0,0,0,0,0,4,0,0,0,0,0,0,0,0,0,0,0,0,0,0,0
5,261,14,M,25,0,75,50,ROCK,50,ALGAE,0,0,0,0,0,0,0,0,6,0,0,0,0,0,0,0,1,0,0,0,0,0,0,0,0,0,0,0,0,0,0,0
5,262,15,M,0,50,50,25,AMPHIPODS,75,ROCK,0,0,0,0,0,0,0,0,1,0,0,0,0,0,0,1,1,0,0,0,0,0,0,0,0,0,0,0,1,0,0,0
5,263,16,L,0,0,100,100,SEDIMENT,0,0,0,0,0,0,1,0,4,0,0,1,1,0,0,0,0,0,0,0,1,0,0,0,0,0,0,2,0,0,0,0,0,0
5,264,17,L,0,0,100,100,BARNACLE,0,0,0,0,0,0,2,0,5,0,0,0,0,0,0,0,1,0,0,0,1,0,1,0,0,0,0,0,0,3,0,0,0,0
5,265,18,L,0,0,100,100,SEDIMENT,0,0,0,0,0,0,1,0,0,0,0,0,0,1,0,1,7,0,0,0,4,0,0,0,0,0,0,1,0,3,0,0,0,2
5,266,19,L,0,0,100,100,SEDIMENT,0,0,0,0,0,0,1,0,0,0,0,0,0,1,0,0,0,0,0,1,0,0,0,0,0,0,0,0,0,0,0,0,0,0
5,267,20,L,0,0,100,25,BARNACLE,50,UNKNOWN_OTHER_PORIFERA,0,0,0,0,0,0,7,0,0,1,3,0,0,1,0,0,0,0,5,1,0,0,0,0,0,0,0,1,0,2,5,0
5,268,21,L,0,0,100,100,SEDIMENT,0,0,0,0,0,0,0,0,0,0,0,0,0,1,0,0,0,0,0,0,0,0,0,0,1,0,0,0,0,0,0,0,0,0
5,269,22,L,0,0,100,50,BARNACLE,50,TUNICATE,0,0,0,0,2,0,6,1,0,0,0,0,0,0,0,0,2,0,1,0,0,0,0,0,1,1,0,0,0,0,0,0
5,270,23,L,0,0,100,75,SEDIMENT,25,ALGAE,0,0,0,0,0,0,0,0,0,0,0,0,0,0,0,0,0,0,0,0,0,0,0,0,0,0,0,0,0,2,0,0
5,271,24,L,0,25,75,100,SEDIMENT,0,0,0,0,0,0,0,0,17,2,0,1,0,0,0,0,1,0,0,0,3,0,0,0,0,0,1,0,0,0,0,0,0,1
5,272,25,L,0,0,100,100,SEDIMENT,0,0,0,0,0,0,2,0,0,0,0,0,0,0,0,0,1,0,0,0,2,0,0,0,0,0,0,0,0,0,0,0,0,0
5,273,26,L,0,0,100,50,SEDIMENT,50,TUNICATE,0,0,0,0,0,0,20,0,0,1,1,1,0,0,0,0,1,0,2,1,0,0,0,2,0,4,0,2,0,1,3,0
5,274,27,L,0,0,75,100,SEDIMENT,0,0,0,0,0,0,1,0,3,0,0,0,0,0,0,0,0,0,1,0,1,0,0,0,0,0,1,0,0,0,0,0,0,0
5,275,28,L,0,50,50,25,BARNACLE,25,UNKNOWN_OTHER_PORIFERA,50,SEDIMENT,0,0,0,0,0,0,0,0,0,0,0,3,0,0,0,0,0,2,0,0,0,0,0,0,0,0,0,0,0,3
5,276,29,L,0,0,100,25,BARNACLE,25,AMPHIPODS,50,SEDIMENT,0,0,1,0,0,0,0,0,0,0,0,0,0,0,0,0,0,0,0,0,0,0,0,0,0,0,0,0,0,0
5,277,30,L,0,75,25,25,BARNACLE,75,SEDIMENT,0,0,0,0,2,0,0,0,0,0,0,0,0,0,0,0,0,0,0,0,0,0,0,0,0,0,0,0,0,0,0,2
5,278,31,L,0,0,100,25,BARNACLE,75,SEDIMENT,0,0,0,0,0,0,2,0,0,0,0,0,0,2,5,1,0,1,0,0,0,0,0,0,0,0,0,0,0,0,0,0
5,279,32,U,75,25,0,0,0,0,0,0,0,0,0,0,0,0,0,0,0,0,0,0,0,0,0,0,0,0,0,0,0,0,0,0,0,0,0,0,0,0,0
5,280,33,U,100,0,0,0,0,0,0,0,0,0,0,0,0,0,0,0,0,0,0,0,0,0,0,0,0,0,0,0,0,0,0,0,0,0,0,0,0,0,0
5,281,34,U,75,25,0,0,0,0,0,0,0,0,0,0,0,0,0,0,0,0,0,0,0,0,0,0,0,0,0,0,0,0,0,0,0,0,0,0,0,0,0
5,282,35,U,50,0,50,0,0,0,0,0,0,0,0,0,0,0,0,0,0,0,0,0,0,0,0,0,0,0,0,0,0,0,0,0,0,0,0,0,0,0,0
5,283,36,U,75,0,25,0,0,0,0,0,0,0,0,0,0,0,0,0,0,0,0,0,0,0,0,0,0,0,0,0,0,0,0,0,0,0,0,0,0,0,0
5,284,37,U,50,0,50,0,0,0,0,0,0,0,0,0,0,0,0,0,0,0,0,0,0,0,0,0,0,0,0,0,0,0,0,0,0,0,0,0,0,0,0
5,285,38,U,0,100,0,0,0,0,0,0,0,0,0,0,0,0,0,0,0,0,0,0,0,0,0,0,0,0,0,0,0,0,0,0,0,0,0,0,0,0,0
5,286,39,U,0,100,0,0,0,0,0,0,0,0,0,0,0,0,0,0,0,0,0,0,0,0,0,0,0,0,0,0,0,0,0,0,0,0,0,0,0,0,0
5,287,40,U,0,100,0,25,ALGAE,0,0,0,0,0,0,0,0,0,0,0,0,0,0,0,0,0,0,0,0,0,0,0,0,0,0,0,0,0,0,0,0,0,0
5,288,41,L,0,25,75,25,BARNACLE,50,SEDIMENT,25,ALGAE,0,0,0,0,0,0,0,0,0,0,0,0,0,0,0,0,0,0,0,0,0,0,0,0,0,0,0,0,0,0
5,289,42,U,0,25,75,25,BARNACLE,25,SNAIL,0,0,0,0,0,0,0,0,0,0,0,0,0,0,0,0,0,0,0,0,0,0,0,0,0,0,0,0,0,0,0,0
5,290,43,U,25,50,25,25,SNAIL,0,0,0,0,0,0,0,0,0,0,0,0,0,0,0,0,0,0,0,0,0,0,0,0,0,0,0,0,0,0,0,0,0,0
5,291,44,U,0,75,25,0,0,0,0,0,0,0,0,0,0,0,0,0,0,0,0,0,0,0,0,0,0,0,0,0,0,0,0,0,0,0,0,0,0,0,0
5,292,45,U,0,75,0,25,SNAIL,0,0,0,0,0,0,0,0,0,0,0,0,0,0,0,0,0,0,0,0,0,0,0,0,0,0,0,0,0,0,0,0,0,0
5,293,46,U,25,75,0,25,ALGAE,0,0,0,0,0,0,0,0,0,0,0,0,0,0,0,0,0,0,0,0,0,0,0,0,0,0,0,0,0,0,0,0,0,0
5,294,47,U,25,75,0,25,SNAIL,0,0,0,0,0,0,0,0,0,0,0,0,0,0,0,0,0,0,0,0,0,0,0,0,0,0,0,0,0,0,0,0,0,0
5,295,48,U,0,100,0,0,0,0,0,0,0,0,0,0,0,0,0,0,0,1,0,0,0,0,0,0,0,0,0,0,0,0,0,0,0,0,0,0,0,0,0
5,296,49,U,25,50,25,25,SNAIL,0,0,0,0,0,0,0,0,0,0,4,0,0,0,0,0,0,0,0,0,0,0,0,0,0,0,0,0,0,0,0,0,0,0
5,297,50,U,25,75,0,25,SNAIL,0,0,0,0,0,0,0,0,0,0,0,0,0,0,0,0,0,0,0,0,0,0,0,0,0,0,0,0,0,0,0,0,0,0
5,298,51,U,25,75,0,25,SNAIL,25,BARNACLE,0,0,0,0,0,0,0,0,10,0,0,0,0,0,0,0,0,0,0,0,1,0,0,0,0,0,0,0,0,0,0,0
5,299,52,U,25,50,25,25,BARNACLE,0,0,0,0,0,0,0,0,0,0,12,0,0,0,0,0,0,0,0,0,0,0,0,0,0,0,0,0,0,0,0,0,0,0
6,300,1,L,0,75,25,100,SEDIMENT,0,0,0,0,0,0,2,0,0,0,3,0,0,0,0,0,0,0,0,0,1,0,0,1,0,0,0,0,0,0,0,0,0,1
6,301,2,L,0,25,75,100,ROCK,0,0,0,0,0,0,1,0,0,2,0,0,0,0,0,0,5,0,1,0,0,0,0,1,0,0,0,0,0,0,0,0,0,0
6,302,3,L,0,75,25,100,SEDIMENT,0,0,0,0,0,0,1,0,0,0,0,0,0,0,0,1,12,0,3,0,0,0,0,0,0,0,0,0,0,0,0,0,0,1
6,303,4,L,0,75,25,75,ROCK,25,SEDIMENT,0,0,0,0,1,0,0,0,0,0,0,0,0,1,1,0,1,0,0,0,0,0,0,0,0,0,0,0,0,0,0,0
6,304,5,L,0,0,100,50,SEDIMENT,50,SEDIMENT,0,0,0,0,3,0,0,0,0,0,0,1,0,0,2,0,1,0,0,0,0,0,0,0,0,0,0,0,0,0,2,1
6,305,6,L,0,75,25,100,SEDIMENT,0,0,0,0,0,0,1,0,3,1,0,0,0,0,0,0,1,0,0,0,0,0,0,0,0,0,0,1,0,0,0,0,1,0
6,306,7,L,25,0,75,100,SEDIMENT,0,0,0,0,0,0,1,0,0,1,0,0,1,1,0,0,0,0,0,0,10,0,0,0,0,0,0,1,0,0,0,0,0,1
6,307,8,L,0,50,50,100,SEDIMENT,0,0,0,0,0,0,1,0,0,0,0,0,0,1,0,0,0,0,0,0,0,0,0,0,0,0,0,0,0,0,0,0,0,0
6,308,9,L,0,0,100,100,SEDIMENT,0,0,0,0,0,0,1,0,0,1,2,0,0,1,0,1,0,0,1,1,0,0,0,0,0,0,0,0,0,0,0,1,0,0
6,309,10,L,0,0,100,100,ALGAE,0,0,0,0,0,0,2,0,1,6,5,0,0,1,0,0,3,0,2,3,8,1,0,0,0,0,1,0,0,0,8,23,0,2
6,310,11,M,0,0,100,25,TURBAN_SNAIL,25,BARNACLE,50,ALGAE,0,0,0,0,0,1,56,0,1,0,0,0,2,0,2,0,3,0,0,0,0,0,0,0,0,0,0,0,0,0
6,311,12,M,0,25,75,25,LIMPET,25,TURBAN_SNAIL,25,BARNACLE,25,ALGAE,0,0,0,4,3,0,1,0,2,0,0,0,0,0,0,0,0,0,0,0,0,0,0,0,0,0,0,0
6,312,13,M,0,0,100,25,LIMPET,25,TURBAN_SNAIL,25,BARNACLE,25,ROCK,0,0,0,1,0,0,0,0,1,0,0,0,0,0,0,0,0,0,0,0,0,0,0,0,0,0,0,0
6,313,14,M,0,0,100,50,ALGAE,25,TURBAN_SNAIL,25,LIMPET,0,0,0,1,0,3,1,0,0,1,0,0,0,0,1,0,0,0,0,0,0,0,0,0,0,0,0,0,0,0
6,314,15,M,0,0,100,50,ROCK,25,TURBAN_SNAIL,25,ALGAE,0,0,0,0,0,1,0,0,5,0,0,0,0,0,0,0,0,0,0,0,0,0,0,0,0,0,0,0,0,0
6,315,16,M,0,0,100,50,ALGAE,25,TURBAN_SNAIL,25,ROCK,0,0,0,0,0,0,1,0,0,0,0,0,0,0,2,0,0,0,0,0,0,0,0,0,0,0,0,0,0,0
6,316,17,M,0,0,100,25,BARNACLE,50,ROCK,25,SEDIMENT,0,0,0,0,0,0,0,0,0,0,0,0,0,0,5,0,0,0,0,0,0,0,0,0,0,0,0,0,0,0
6,317,18,M,25,0,75,25,LIMPET,25,BARNACLE,25,ROCK,0,0,0,0,0,0,16,0,1,0,0,0,0,0,0,0,0,0,0,0,0,0,0,0,0,0,0,0,0,0
6,318,19,M,0,0,100,25,TURBAN_SNAIL,25,TURF WEED,25,BARNACLE,25,ROCK,0,0,0,2,42,0,2,0,0,0,0,0,4,0,0,0,0,0,0,0,0,0,0,0,0,0,0,0
6,319,20,M,0,0,100,50,ALGAE,25,BARNACLE,25,ROCK,0,0,0,0,0,0,9,0,0,0,0,0,0,0,1,0,0,0,0,0,0,0,0,0,0,0,0,0,0,0
6,320,21,M,25,0,75,100,ALGAE,0,0,0,0,0,0,0,0,0,4,1,0,0,1,1,1,0,0,1,0,0,0,1,0,0,0,0,2,0,0,0,0,0,0
6,321,22,M,50,25,25,25,ALGAE,25,HERMIT_CRABS,50,BARNACLE,0,0,0,0,1,1,1,0,0,0,0,0,0,0,0,0,0,0,0,0,0,0,0,0,0,0,0,0,0,0
6,322,23,U,0,0,100,100,ALGAE,0,0,0,0,0,0,0,1,0,1,1,0,0,1,0,0,0,0,0,0,0,0,0,0,0,0,0,0,0,0,0,0,0,0
6,323,24,U,25,0,75,75,ALGAE,25,TURBAN_SNAIL,0,0,0,0,0,0,0,3,2,0,0,1,0,0,0,0,1,0,0,0,0,0,0,0,0,0,0,0,0,0,0,0
6,324,25,M,75,0,25,100,ALGAE,0,0,0,0,0,0,0,0,0,0,0,0,0,1,0,0,0,0,0,0,0,0,0,0,0,0,0,0,0,0,0,0,0,0
6,325,26,M,50,0,50,100,ALGAE,0,0,0,0,0,0,0,0,0,1,0,0,0,1,0,0,0,0,0,0,0,0,0,0,0,0,0,2,0,0,0,0,0,0
6,326,27,U,0,0,100,100,ALGAE,0,0,0,0,0,0,0,0,0,0,0,0,0,0,0,0,0,0,0,0,0,0,0,0,0,0,0,0,0,0,0,0,0,0
6,327,28,U,0,0,100,100,ALGAE,0,0,0,0,0,0,0,0,0,0,0,0,0,0,0,0,0,0,0,0,0,0,0,0,0,0,0,0,0,0,0,0,0,0
6,328,29,L,0,0,100,100,ALGAE,0,0,0,0,0,0,0,0,0,0,0,0,0,0,0,0,0,0,0,0,0,0,0,0,0,0,0,0,0,0,0,0,0,0
6,329,30,L,0,0,100,75,ALGAE,25,BARNACLE,0,0,0,0,0,0,0,0,0,0,0,0,0,0,0,0,0,0,0,0,0,1,0,0,0,1,0,0,0,0,0,0
6,330,31,L,0,0,100,100,ALGAE,0,0,0,0,0,0,0,0,0,0,0,0,0,0,0,0,0,0,0,0,0,0,0,1,0,0,0,0,0,0,0,0,0,0
6,331,32,L,0,25,75,100,ALGAE,0,0,0,0,0,0,0,0,0,0,0,0,0,1,0,0,0,0,0,0,0,0,0,0,0,0,0,0,0,0,0,0,0,0
6,332,33,M,25,0,75,100,ALGAE,0,0,0,0,0,0,0,0,0,0,0,0,1,1,0,0,0,0,0,0,0,0,0,0,0,0,0,0,0,0,0,0,0,0
6,333,34,M,25,0,75,50,ALGAE,50,BARNACLE,0,0,0,0,0,0,0,0,1,0,0,0,0,0,0,0,0,0,0,0,1,0,0,0,0,0,0,0,0,0,0,0
6,334,35,M,0,50,50,75,ALGAE,25,BARNACLE,0,0,0,0,0,0,0,1,2,0,0,0,0,0,0,0,0,0,0,0,1,1,0,0,0,0,0,0,0,1,0,0
6,335,36,M,0,25,75,100,ALGAE,0,0,0,0,0,0,0,0,0,0,0,0,0,1,0,0,0,0,0,0,0,0,0,0,0,0,0,0,0,0,0,0,0,0
6,336,37,L,0,25,75,100,ALGAE,0,0,0,0,0,0,0,0,0,0,0,0,0,1,0,0,0,0,0,0,0,0,0,0,0,0,0,1,0,0,0,0,0,0
6,337,38,L,0,75,25,75,ALGAE,25,OTHER_UNKNOWN_DECAPODA,0,0,0,0,0,0,0,0,1,0,0,1,0,0,0,0,0,0,0,0,1,0,0,0,0,0,0,0,0,0,0,0
6,338,39,M,0,75,25,100,ALGAE,0,0,0,0,0,0,0,0,0,4,2,0,0,1,0,0,0,2,0,0,0,0,1,0,0,0,0,0,0,0,0,0,0,0
6,339,40,M,0,75,25,50,ALGAE,25,LIMPET,25,TURBAN_SNAIL,0,0,0,0,0,2,1,0,0,1,0,0,0,3,0,0,0,0,1,0,0,0,0,0,0,0,0,0,0,0
6,340,41,U,0,75,25,50,ALGAE,25,OTHER_UNKNOWN_DECAPODA,25,ANNELIDA,0,0,0,3,0,0,0,0,1,1,0,0,0,0,0,0,0,0,0,0,0,0,0,0,0,0,0,0,0,0
6,341,42,U,50,25,25,50,ALGAE,50,BARNACLE,0,0,0,0,0,4,0,0,0,0,0,0,0,0,0,0,0,0,0,1,0,0,0,0,0,0,0,0,0,0,0,0
6,342,43,U,50,25,25,100,ALGAE,0,0,0,0,0,0,0,0,0,2,2,0,0,0,0,0,0,0,0,0,0,0,1,0,0,0,0,0,0,0,0,0,0,0
6,343,44,U,50,25,25,25,TURBAN_SNAIL,25,HERMIT_CRABS,25,ORANGE_PORIFERA,25,LIMPET,0,0,0,2,0,0,0,1,0,0,0,0,0,0,0,0,0,0,0,0,0,0,0,0,0,0,0,0
6,344,45,U,50,25,25,75,ALGAE,25,LIMPET,0,0,0,0,0,0,0,3,1,0,0,1,0,0,0,0,0,0,0,0,0,0,0,0,0,0,0,0,0,0,0,0
6,345,46,U,50,25,25,100,ALGAE,0,0,0,0,0,0,0,0,0,5,1,0,0,0,0,0,0,0,1,0,0,0,0,0,0,0,0,0,0,0,0,0,0,0
6,346,47,L,0,0,100,100,ROCK,0,0,0,0,0,0,0,0,0,0,0,0,0,0,0,0,0,0,0,0,0,0,0,0,0,0,0,0,0,0,0,0,0,0
6,347,48,L,25,0,75,50,ROCK,50,BARNACLE,0,0,0,0,0,0,0,0,0,0,0,0,0,0,0,0,0,0,0,0,0,0,0,0,0,0,0,0,0,0,0,0
6,348,49,L,0,25,75,25,ALGAE,75,ROCK,0,0,0,0,0,1,0,0,0,0,0,0,0,0,0,0,0,0,0,0,0,0,0,0,0,0,0,0,0,0,0,0
6,349,50,L,0,0,100,100,ROCK,0,0,0,0,0,0,0,1,0,0,0,0,0,0,0,0,0,0,0,0,0,0,0,0,0,0,0,0,0,0,0,0,0,0
6,350,51,L,25,25,50,25,ALGAE,0,0,0,0,0,0,1,1,0,0,0,0,0,0,0,0,0,0,0,0,0,0,1,0,0,0,0,1,0,0,0,0,0,0
6,351,52,L,0,0,100,100,ROCK,0,0,0,0,0,0,0,0,0,0,0,0,0,0,0,0,0,0,0,0,0,0,0,0,0,0,0,0,0,0,0,0,0,0
6,352,53,L,0,25,75,50,BARNACLE,25,ORANGE_PORIFERA,25,ANNELIDA,0,0,0,0,1,0,0,0,0,0,0,0,0,0,0,0,0,0,0,0,0,0,0,2,0,1,0,0,0,0
6,353,54,L,0,25,75,25,ORANGE_PORIFERA,75,SEDIMENT,0,0,0,0,0,2,0,0,0,0,0,0,0,0,1,0,1,0,0,0,0,0,0,0,0,1,0,0,0,0,0,0
6,354,55,L,0,0,100,25,BARNACLE,25,ANNELIDA_TUBEWORM,50,ROCK,0,0,1,0,0,1,0,1,0,0,0,0,0,0,0,0,0,0,0,0,0,0,0,0,0,0,1,0,0,0
6,355,56,L,0,25,75,50,BARNACLE,25,ANNELIDA_TUBEWORM,25,OTHER_UNKNOWN_BRYOZOA,0,0,1,0,1,0,0,0,0,0,0,0,0,0,0,0,1,0,0,0,0,0,0,0,0,1,0,1,0,0
6,356,57,U,0,75,25,25,BARNACLE,75,ROCK,0,0,0,0,0,0,0,0,1,0,0,0,1,0,0,0,15,0,0,0,0,0,0,0,0,0,0,0,0,0,0,0
6,357,58,U,50,25,25,25,OTHER_UNKNOWN_GASTROPODA,25,BARNACLE,25,ROCK,25,ALGAE,0,0,0,0,0,0,5,0,0,0,0,0,0,0,0,0,0,0,0,0,0,0,0,0,0,0,0,0
6,358,59,U,50,0,50,0,0,0,0,0,0,0,0,0,0,0,0,0,0,0,0,0,0,0,0,0,0,0,0,0,0,0,0,0,0,0,0,0,0,0,0
6,359,60,U,75,0,25,0,0,0,0,0,0,0,0,0,0,0,0,0,0,0,0,0,0,0,0,0,0,0,0,0,0,0,0,0,0,0,0,0,0,0,0
6,360,61,U,25,50,25,0,0,0,0,0,0,0,0,0,0,0,0,0,0,0,0,0,0,0,0,0,0,0,0,0,0,0,0,0,0,0,0,0,0,0,0
6,361,62,U,25,50,25,25,SNAIL,0,0,0,0,0,0,0,0,0,0,0,0,0,0,0,0,0,0,0,0,0,0,0,0,0,0,0,0,0,0,0,0,0,0
6,362,63,U,25,50,25,0,0,0,0,0,0,0,0,0,0,0,0,0,0,0,0,0,0,0,0,0,0,0,0,0,0,0,0,0,0,0,0,0,0,0,0
6,363,64,U,25,50,25,0,0,0,0,0,0,0,0,0,0,0,0,0,0,0,0,0,0,0,0,0,0,0,0,0,0,0,0,0,0,0,0,0,0,0,0
7,364,1,U,25,50,25,25,BARNACLES,25,OTHER_UNKNOWN_GASTROPODA,0,0,0,0,0,0,0,0,2,0,1,0,0,0,0,0,0,0,0,0,0,0,0,0,0,0,0,0,0,0,0,0
7,365,2,U,25,50,25,25,BARNACLES,25,TAR,0,0,0,0,0,0,0,0,7,0,0,0,0,0,0,0,0,0,0,0,0,0,0,0,0,0,0,0,0,0,0,0
7,366,3,U,0,75,25,25,OTHER_UNKNOWN_GASTROPODA,0,0,0,0,0,0,0,0,0,0,1,0,0,0,0,0,0,0,0,0,0,0,4,0,0,0,0,0,0,0,0,0,0,0
7,367,4,U,0,75,25,25,BARNACLES,0,0,0,0,0,0,0,0,0,0,15,0,0,0,0,0,0,0,0,0,0,0,0,0,0,0,0,0,0,0,0,0,0,0
7,368,5,L,0,25,75,25,LIMPET,50,AMPHIPODS,25,BARE ROCK,0,0,0,0,0,0,1,0,0,0,0,0,0,0,0,0,0,0,0,0,0,0,0,0,0,0,0,0,0,1
7,369,6,L,0,0,100,25,AMPHIPODS,25,BARNACLES,25,ANNELIDA_TUBEWORM,0,0,1,0,0,1,40,0,0,0,0,0,2,1,1,0,0,0,0,0,0,0,0,0,0,0,0,0,0,0
7,370,7,L,25,50,25,50,LIMPET,50,ALGAE,0,0,0,0,0,0,0,0,0,0,0,0,0,0,0,1,0,0,1,0,0,0,0,0,0,0,0,0,0,0,0,0
7,371,8,L,25,25,50,50,LIMPET,25,AMPHIPODS,25,ALGAE,0,0,0,0,0,1,0,0,0,0,0,0,2,0,0,0,1,0,0,0,0,0,0,0,0,0,0,0,0,1
7,372,9,L,25,0,75,25,AMPHIPODS,25,LIMPET,25,UNKNOWN_OTHER_PORIFERA,25,WELK,1,0,0,0,0,0,1,0,0,0,0,0,1,0,3,0,0,0,0,0,0,0,0,0,0,1,0,1
7,373,10,L,25,0,75,25,BARNACLES,25,ANNELIDA_TUBEWORM,25,AMPHIPODS,25,BARE ROCK,0,0,0,0,2,0,1,0,0,0,0,0,1,0,3,0,0,0,0,0,0,0,0,0,0,0,0,0
7,374,11,M,25,0,75,25,LIMPET,25,BARE ROCK,25,AMPHIPODS,25,PORCELAIN,0,0,1,0,3,0,0,0,0,0,0,6,0,0,4,0,0,0,0,0,0,0,0,0,1,0,0,2
7,375,12,M,25,0,75,25,LIMPET,50,AMPHIPODS,25,BARE ROCK,0,0,0,0,0,0,3,0,0,0,0,0,0,1,0,0,1,0,0,0,0,0,0,0,0,0,0,0,0,0
7,376,13,M,25,25,50,50,AMPHIPODS,25,BARE ROCK,25,LIMPET,0,0,0,0,0,2,5,0,0,0,0,0,0,0,0,0,10,0,0,0,0,0,0,0,0,0,0,0,0,0
7,377,14,M,0,25,75,50,SEDIMENT,25,LIMPET,25,BARNACLES,0,0,0,0,0,0,0,0,0,0,0,0,0,0,0,0,0,0,0,0,0,0,0,0,0,0,0,0,0,0
7,378,15,M,25,0,75,50,BARNACLES,50,AMPHIPODS,0,0,0,0,0,0,0,0,0,0,0,0,0,0,2,5,0,0,0,0,0,0,0,0,0,0,0,0,0,0,0,2
7,379,16,M,0,0,100,25,BARNACLES,25,LIMPET,25,AMPHIPODS,25,SEDIMENT,0,0,1,0,1,0,0,0,0,0,1,1,2,0,0,0,0,0,0,0,0,0,0,0,0,0,0,0
7,380,17,M,25,0,75,25,SEDIMENT,75,AMPHIPODS,0,0,0,0,0,0,2,0,0,0,0,0,0,0,0,4,0,0,0,0,0,0,0,0,0,0,0,0,0,0,0,0
7,381,18,M,50,0,50,25,AMPHIPODS,25,BARNACLES,50,SEDIMENT,0,0,0,0,0,0,14,0,0,0,0,0,1,1,0,0,1,0,0,0,0,0,0,0,0,0,0,0,0,0
7,382,19,L,0,0,100,25,BARNACLES,75,SEDIMENT,0,0,0,0,0,0,0,0,1,0,0,0,1,0,0,0,0,0,6,0,0,0,0,0,0,0,0,0,0,0,0,0
7,383,20,L,0,25,75,50,BARNACLES,50,SEDIMENT,0,0,0,0,0,0,0,0,0,0,0,0,0,3,1,0,0,0,6,0,0,0,0,0,0,0,0,0,0,0,0,2
7,384,21,L,0,25,75,25,ANNELIDA_TUBEWORM,75,SEDIMENT,0,0,0,0,0,0,0,0,1,0,1,0,0,0,2,0,0,0,9,0,0,0,0,0,0,0,0,0,0,0,0,0
7,385,22,L,0,0,50,25,BARNACLES,25,ANNELIDA_TUBEWORM,50,SEDIMENT,0,0,2,0,0,0,0,0,0,0,0,0,1,0,1,0,0,0,0,0,0,0,0,1,0,0,0,0,0,0
7,386,23,L,25,0,75,25,ANNELIDA_TUBEWORM,25,BARNACLES,50,SEDIMENT,0,0,0,0,0,0,2,0,0,0,0,0,0,0,0,0,0,0,0,0,0,0,0,0,0,0,0,0,0,0
7,387,24,L,0,75,25,25,ANNELIDA_TUBEWORM,25,BARNACLES,50,SEDIMENT,0,0,0,0,0,0,2,0,0,0,0,0,0,0,0,0,3,0,0,1,0,0,0,0,0,0,0,0,0,0
7,388,25,M,75,0,25,25,HERMIT_CRABS,25,UNKNOWN_OTHER_PORIFERA,50,BARNACLES,0,0,0,0,4,1,9,0,0,0,0,0,0,0,3,3,8,0,0,0,0,0,0,1,0,0,1,0,0,1
7,389,26,M,25,25,50,25,LIMPET,25,HERMIT_CRABS,25,ANNELIDA_TUBEWORM,25,BARNACLES,0,0,1,1,0,0,0,0,0,0,1,1,5,0,5,0,0,1,0,0,0,0,0,0,0,1,0,2
7,390,27,L,0,0,100,25,ANNELIDA_TUBEWORM,25,YELLOW,50,BARNACLES,0,0,0,0,5,0,1,0,0,0,1,1,2,0,0,2,6,0,0,0,0,0,0,0,0,1,0,0,0,0
7,391,28,L,0,25,75,50,ANNELIDA_TUBEWORM,25,BARNACLES,25,UNKNOWN_OTHER_PORIFERA,0,0,0,0,1,0,0,0,0,0,3,0,5,0,0,0,1,0,0,0,0,0,0,1,0,0,0,0,0,1
7,392,29,L,0,0,100,25,PORCELAIN,25,ANNELIDA_TUBEWORM,50,BARNACLES,0,0,1,0,0,0,0,0,1,0,0,0,1,0,1,0,0,0,0,1,0,0,0,0,0,0,0,0,1,1
7,393,30,L,0,0,100,50,ANNELIDA_TUBEWORM,50,BARNACLES,0,0,0,0,1,0,1,1,0,0,2,0,0,0,1,0,0,0,5,0,0,0,0,0,0,1,0,2,0,3,1,1
7,394,31,L,0,0,100,25,PORCELAIN,25,YELLOW,50,ANNELIDA_TUBEWORM,0,0,0,0,0,0,0,0,2,0,0,0,0,0,1,0,3,0,0,0,0,0,0,1,0,0,0,0,1,0
7,395,32,L,0,0,100,50,BARNACLES,50,ANNELIDA_TUBEWORM,0,0,0,0,0,0,1,4,0,0,1,0,0,0,0,0,0,0,4,0,0,0,0,0,0,1,0,0,0,1,0,2
7,396,33,L,25,25,50,75,BARNACLES,25,BARE ROCK,0,0,0,0,0,0,0,0,7,0,2,0,0,0,0,0,0,0,0,0,0,0,0,0,0,0,0,0,0,0,0,0
7,397,34,L,25,0,75,75,BARNACLES,25,TAR,0,0,0,0,0,0,1,0,4,0,0,0,0,0,0,0,0,0,0,0,0,0,0,0,0,0,0,0,0,1,0,0
7,398,35,L,25,0,75,25,BARNACLES,75,TAR,0,0,0,0,0,0,0,0,0,0,1,0,0,0,0,0,0,0,0,0,0,0,0,0,0,0,0,0,0,0,0,0
7,399,36,L,25,25,50,50,BARNACLES,25,BARE ROCK,25,ALGAE,0,0,0,0,0,0,3,0,0,0,0,0,0,0,0,0,0,0,0,0,0,0,0,0,0,0,0,0,0,0
7,400,37,M,25,50,25,75,BARE ROCK,25,BARNACLES,0,0,0,0,0,0,0,1,13,0,1,0,0,0,0,8,3,0,0,0,0,0,0,0,0,0,0,0,0,0,0,0
7,401,38,M,25,50,25,75,BARE ROCK,25,BARNACLES,0,0,0,0,0,0,0,0,5,0,2,0,0,0,0,11,2,0,0,0,0,0,0,0,0,0,0,0,0,0,0,0
7,402,39,M,25,50,25,50,BARE ROCK,25,BARNACLES,25,TAR,0,0,0,0,0,1,20,0,4,0,0,0,0,6,0,0,3,0,0,0,0,0,0,0,0,0,0,0,0,0
7,403,40,M,25,75,0,75,BARE ROCK,25,BARNACLES,0,0,0,0,0,0,0,0,28,0,1,0,0,0,0,1,0,0,1,0,0,0,0,0,0,0,0,0,0,0,0,0
7,404,41,M,25,50,25,75,BARE ROCK,25,BARNACLES,0,0,0,0,0,0,0,2,53,0,0,0,0,0,0,3,1,0,1,0,0,0,0,0,0,1,0,0,0,0,0,0
7,405,42,M,25,50,25,25,TAR,25,BARNACLES,50,BARE ROCK,0,0,0,0,0,0,52,0,0,0,0,0,0,2,3,0,0,0,0,0,0,0,0,0,0,0,0,0,0,0
7,406,43,M,25,50,25,25,TAR,75,BARE ROCK,0,0,0,0,0,0,0,2,9,0,0,0,0,0,0,1,13,0,2,0,0,0,0,0,0,5,0,0,0,2,0,0
7,407,44,M,25,50,25,25,ALGAE,75,BARE ROCK,0,0,0,0,0,0,0,0,16,0,0,0,0,0,0,0,0,0,0,0,0,0,0,0,0,1,0,0,0,0,0,1
7,408,407,U,50,0,50,0,0,0,0,0,0,0,0,0,0,0,0,0,0,0,0,0,0,0,0,0,0,0,0,0,0,0,0,0,0,0,0,0,0,0,0
7,409,408,U,50,0,50,0,0,0,0,0,0,0,0,0,0,0,0,0,0,0,0,0,0,0,0,0,0,0,0,0,0,0,0,0,0,0,0,0,0,0,0
7,410,409,U,75,0,25,0,0,0,0,0,0,0,0,0,0,0,0,0,0,0,0,0,0,0,0,0,0,0,0,0,0,0,0,0,0,0,0,0,0,0,0
7,411,410,U,50,0,50,0,0,0,0,0,0,0,0,0,0,0,0,0,0,0,0,0,0,0,0,0,0,0,0,0,0,0,0,0,0,0,0,0,0,0,0
7,412,411,U,75,0,25,0,0,0,0,0,0,0,0,0,0,0,0,0,0,0,0,0,0,0,0,0,0,0,0,0,0,0,0,0,0,0,0,0,0,0,0
7,413,50,U,50,50,0,0,0,0,0,0,0,0,0,0,0,0,0,0,0,0,0,0,0,0,0,0,0,0,0,0,0,0,0,0,0,0,0,0,0,0,0
7,414,51,U,25,0,75,75,SNAIL,25,TAR,0,0,0,0,0,0,0,0,0,0,0,0,0,0,0,0,0,0,0,0,0,0,0,0,0,0,0,0,0,0,0,0
7,415,52,U,50,0,50,50,SNAIL,50,BARE_ROCK,0,0,0,0,0,0,0,0,0,0,0,0,0,0,0,0,0,0,0,0,0,0,0,0,0,0,0,0,0,0,0,0
7,416,53,U,25,0,75,25,MUSSEL,25,TAR,50,SNAIL,50,BARE_ROCK,0,0,0,0,0,0,0,0,0,0,0,0,0,0,0,0,0,0,0,0,0,0,0,0,0,0,0,0
7,417,54,U,25,25,50,25,SNAIL,25,BARE_ROCK,25,OYSTER,50, BARNACLE,0,0,0,0,0,0,0,0,0,0,0,0,0,0,0,0,0,0,0,0,0,0,0,0,0,0,0,0
7,418,55,U,25,0,75,50,SNAIL,25,SNAIL,50,BARE_ROCK,25,OYSTER,0,0,0,0,0,0,0,0,0,0,0,0,0,0,0,0,0,0,0,0,0,0,0,0,0,0,0,0
7,419,56,U,25,25,50,25,SNAIL,50,BARE ROCK,25,TAR,0,0,0,0,0,0,0,0,0,0,0,0,0,0,0,0,0,0,0,0,0,0,0,0,0,0,0,0,0,0
7,420,57,U,25,0,50,25,MUSSEL,50,BARNACLE,0,0,0,0,0,0,0,0,0,0,0,0,0,0,0,0,0,0,0,0,0,0,0,0,0,0,0,0,0,0,0,0
7,421,58,U,25,25,50,25,SNAIL,25,SNAIL,50,BARE_ROCK,25,BARNACLE,0,0,0,0,0,0,0,0,0,0,0,0,0,0,0,0,0,0,0,0,0,0,0,0,0,0,0,0
7,422,59,U,0,100,0,25,GREEN_TURF,0,0,0,0,0,0,0,0,0,0,0,0,0,0,0,0,0,0,0,0,0,0,0,0,0,0,0,0,0,0,0,0,0,0
7,423,60,U,0,75,25,25,TAR,25,AMPHIPODS,25,BROWN_TURF,0,0,0,0,0,0,0,0,0,0,0,0,0,0,0,0,0,0,0,0,0,0,0,0,0,0,0,0,0,0
7,424,61,U,0,100,0,25,BARNACLES,25,SNAIL,0,0,0,0,0,0,0,0,0,0,0,0,0,0,0,0,0,0,0,0,0,0,0,0,0,0,0,0,0,0,0,0
8,425,1,L,0,25,75,25,BARNACLES,25,TAR,25,ORANGE,25,OTHER_UNKNOWN_GASTROPODA,0,0,0,3,2,0,2,0,0,0,0,0,0,0,1,0,1,0,0,0,0,0,0,1,0,0,0,0
8,426,2,L,0,25,75,25,TAR,25,BARNACLES,25,ORANGE,25,YELLOW,0,0,3,0,0,0,0,0,0,0,2,0,1,0,1,0,0,0,0,0,0,0,0,1,0,0,0,2
8,427,3,L,0,25,75,25,TAR,25,BARNACLES,25,GREEN ALGAE,25,ORANGE,0,0,0,0,1,0,0,0,0,0,0,0,0,0,0,0,0,0,0,0,0,0,0,1,0,0,0,1
8,428,4,L,0,25,75,25,TAR,25,BARNACLES,25,HERMIT,25,AMPHIPODS,0,0,0,0,0,0,0,0,0,0,0,0,0,0,0,0,0,0,0,0,0,0,0,0,0,0,0,1
8,429,5,M,0,25,75,25,ORANGE,25,UNKNOWN_OTHER_PORIFERA,0,0,0,0,0,0,0,0,0,0,0,0,0,0,0,0,1,0,3,0,2,0,1,0,0,1,0,0,0,0,0,0
8,430,6,M,0,0,100,25,BARNACLES,25,TAR,25,CCA,0,0,0,0,1,1,1,0,0,0,1,0,0,0,0,0,0,0,4,0,0,0,0,0,0,0,0,2,0,0
8,431,7,U,0,50,50,25,OTHER_UNKNOWN_GASTROPODA,25,AMPHIPODS,25,OTHER_UNKNOWN_GASTROPODA,0,0,0,0,0,1,6,0,0,0,0,0,0,0,0,0,0,0,1,0,0,0,0,0,0,0,0,0,0,0
8,432,8,U,0,50,50,25,TAR,25,ORANGE,25,BARNACLES,25,BLACK_CLAWED,0,0,3,1,6,0,0,0,0,0,0,0,0,0,0,0,0,0,0,0,0,1,0,0,0,1,0,0
8,433,9,U,0,50,50,25,HERMIT,25,TAR,0,0,0,0,0,0,0,1,12,0,0,0,0,0,0,0,0,1,1,0,0,0,0,0,0,1,0,0,0,0,0,0
8,434,10,U,0,25,75,25,TAR,25,AMPHIPODS,0,0,0,0,0,0,0,0,16,0,0,0,0,0,0,0,0,0,0,0,0,0,0,0,0,0,0,0,0,0,0,0
8,435,11,M,25,0,75,25,BARNACLES,25,TAR,25,ORANGE,25,GREEN ALGAE,0,0,0,0,5,0,0,0,0,0,2,0,0,0,9,0,0,0,0,0,0,1,0,5,0,0,1,1
8,436,12,M,25,0,75,25,ORANGE,25,TAR,25,OTHER_UNKNOWN_GASTROPODA,25,BARNACLES,0,0,1,0,0,0,0,0,0,0,0,0,0,0,10,0,0,0,1,0,0,0,0,1,0,4,0,0
8,437,13,U,0,25,75,25,BARNACLES,25,TAR,0,0,0,0,0,0,0,0,7,0,0,0,0,1,0,0,0,0,0,0,0,0,0,0,0,0,0,0,0,0,0,0
8,438,14,U,0,50,50,25,BARNACLES,25,TAR,0,0,0,0,0,0,0,0,5,0,0,0,0,0,0,0,0,0,0,0,1,0,0,0,0,0,0,0,0,0,0,0
8,439,15,M,0,0,100,25,ORANGE,25,OTHER_UNKNOWN_GASTROPODA,25,BARNACLES,0,0,0,0,0,0,0,0,0,0,0,0,0,0,0,0,0,0,0,0,0,0,0,0,0,0,0,0,0,0
8,440,16,M,0,0,100,25,CCA,25,TAR,25,OTHER_UNKNOWN_GASTROPODA,25,ORANGE,0,0,2,1,0,0,0,0,0,0,0,0,0,0,0,0,0,0,0,0,0,0,0,0,0,0,0,0
8,441,17,M ,0,0,100,25,SEA_SQUIRT,0,0,0,0,0,0,0,0,1,0,0,0,0,0,0,0,0,0,0,0,0,0,0,0,0,0,0,0,0,0,0,0,0,0
8,442,18,M,0,0,100,25,BARNACLES,25,PORIFERA,25,TAR,0,0,0,0,0,0,0,0,0,0,0,0,0,0,1,0,2,0,0,0,0,0,0,0,0,0,0,0,0,0
8,443,19,U,25,50,25,25,TAR,25,AMPHIPODS,0,0,0,0,0,0,2,1,10,0,0,0,0,0,0,0,1,0,0,0,0,0,0,0,0,0,0,0,0,0,0,0
8,444,20,U,25,75,0,25,AMPHIPODS,25,AMPHIPODS,0,0,0,0,0,0,0,0,10,0,0,0,0,0,0,0,0,0,0,0,0,0,0,0,0,0,0,0,0,0,0,0
8,445,21,L,0,25,75,25,TAR,25,CCA,25,BARNACLES,25,WHITE_ENCRUSTING,0,0,1,0,2,0,0,0,0,0,0,0,1,0,0,0,0,0,0,0,0,0,0,0,0,0,0,0
8,446,22,L,0,0,100,25,OTHER_UNKNOWN_BRYOZOA,25,BARNACLES,25,SARGASSUM,25,CCA,0,0,0,0,0,0,0,0,0,0,0,0,1,0,0,0,0,0,0,0,0,0,0,0,0,0,0,0
8,447,23,M,0,0,100,25,TAR,25,YELLOW,25,ORANGE,25,OTHER_UNKNOWN_BRYOZOA,0,0,0,0,1,0,0,0,0,0,0,0,1,0,8,0,0,0,0,0,0,3,0,0,0,0,0,1
8,448,24,M,0,0,100,25,BARNACLES,25,HERMIT,0,0,0,0,0,0,0,0,20,0,0,0,0,0,0,0,0,0,4,0,3,0,0,0,0,2,0,0,0,9,3,1
8,449,25,L,0,50,50,25,OTHER_UNKNOWN_BRYOZOA,25,CCA,25,BARNACLES,25,ORANGE,0,0,4,0,0,2,0,0,0,0,0,0,0,0,3,0,0,0,0,0,0,0,0,0,0,0,1,2
8,450,26,L,0,75,25,25,AMPHIPODS,25,BARNACLES,0,0,0,0,0,0,0,1,0,0,0,0,0,0,1,0,0,0,0,0,0,0,0,0,0,0,0,0,0,0,0,1
8,451,27,M,0,0,100,25,ORANGE,25,BARNACLES,25,TAR,0,0,0,0,1,0,1,0,0,0,0,0,0,0,0,0,2,0,1,0,0,0,0,0,0,0,0,0,0,0
8,452,28,M,0,25,75,25,BARNACLES,25,ORANGE,25,UNKNOWN_OTHER_PORIFERA,25,BLACK_CLAWED,0,0,0,0,0,0,0,0,0,0,0,0,1,0,1,1,0,0,0,0,0,0,0,0,0,0,0,0
8,453,29,L,0,25,75,25,CCA,25,ORANGE,25,TAR,0,0,0,0,0,0,0,0,0,0,0,3,0,0,0,0,0,0,0,0,0,0,0,0,0,0,0,0,0,0
8,454,30,L,0,25,75,25,CCA,25,ORANGE,25,YELLOW,25,BARNACLES,0,0,1,0,0,0,0,0,0,0,0,0,2,0,0,0,2,0,0,0,0,0,0,0,0,1,0,0
8,455,31,M,0,100,0,25,ANNELIDA,0,0,0,0,0,0,0,0,0,0,0,0,0,0,0,0,0,0,0,0,0,0,0,0,0,0,0,0,0,0,0,0,0,0
8,456,32,M,25,50,25,25,OTHER_UNKNOWN_GASTROPODA,25,GREEN_ENCRUSTING,25,AMPHIPODS,25,UNKNOWN_OTHER_PORIFERA,0,0,0,0,1,0,0,0,0,0,0,0,0,0,0,0,0,0,0,0,0,0,0,0,0,0,0,0
8,457,33,U,25,50,25,25,TAR,0,0,0,0,0,0,0,0,0,0,0,0,0,0,0,0,0,0,0,0,0,0,0,0,0,0,0,0,0,0,0,0,0,0
8,458,34,U,25,50,25,25,TAR,0,0,0,0,0,0,0,0,0,0,32,0,0,0,0,0,0,0,0,0,0,0,0,0,0,0,0,0,0,0,0,0,0,0
8,459,35,U,25,0,75,25,OTHER_UNKNOWN_GASTROPODA,25,BARNACLES,25,TAR,0,0,0,0,0,0,8,0,8,0,1,0,0,0,0,0,0,0,0,0,0,0,0,0,0,0,0,0,0,0
8,460,36,U,0,0,100,25,OTHER_UNKNOWN_GASTROPODA,25,TAR,25,MUSSEL,50,BARNACLES,0,0,0,0,8,0,1,0,0,0,0,0,0,0,0,0,0,0,0,0,0,0,0,0,0,0,0,0
8,461,37,M,25,25,50,25,CCA,25,UNKNOWN_OTHER_PORIFERA,25,ORANGE,25,UNKNOWN_OTHER_PORIFERA,0,0,0,2,1,0,0,0,0,0,0,0,0,0,0,0,0,0,0,0,0,0,0,0,0,0,0,0
8,462,38,M,0,75,25,25,CCA,0,0,0,0,0,0,0,0,0,1,0,0,0,0,0,0,0,0,0,0,0,0,0,0,0,0,0,0,0,0,0,0,0,0
8,463,39,U,0,75,25,25,TAR,0,0,0,0,0,0,0,0,0,0,8,0,0,0,0,0,0,0,0,0,0,0,0,0,0,0,0,0,0,0,0,0,0,0
8,464,40,U,25,50,25,0,0,0,0,0,0,0,0,0,0,0,1,20,0,2,0,0,0,0,0,0,0,0,0,0,0,0,0,0,0,0,0,0,0,0,0
8,465,41,M,0,75,25,25,TAR,0,0,0,0,0,0,0,0,0,0,4,0,0,0,0,0,0,0,0,0,0,0,0,0,0,0,0,0,0,0,0,0,0,0
8,466,42,M,0,100,0,0,0,0,0,0,0,0,0,0,0,0,0,0,0,0,0,0,0,0,0,0,0,0,0,0,0,0,0,0,0,0,0,0,0,0,0
8,467,43,U,50,0,50,25,TAR,0,0,0,0,0,0,0,0,0,0,20,0,0,0,0,0,0,0,0,0,0,0,0,0,0,0,0,0,0,0,0,0,0,0
8,468,44,U,25,50,25,25,TAR,25,OTHER_UNKNOWN_GASTROPODA,0,0,0,0,0,0,0,1,15,0,2,0,0,0,0,0,0,0,0,0,0,0,0,0,0,0,0,0,0,0,0,0
8,469,45,L,25,25,75,25,OTHER_UNKNOWN_GASTROPODA,25,TAR,0,0,0,0,1,0,0,0,0,0,0,0,0,0,0,0,0,0,0,0,0,0,0,0,0,0,0,0,0,0,0,0
8,470,46,L,0,0,100,25,CCA,50,TAR,25,ORANGE,25,OTHER_UNKNOWN_BRYOZOA,0,0,0,0,0,0,0,0,0,0,0,0,0,0,0,0,0,0,0,0,0,0,0,0,0,0,0,0
8,471,47,L,25,0,75,25,TAR,25,OTHER_UNKNOWN_BRYOZOA,25,ORANGE,25,BARNACLES,0,0,0,0,3,0,0,0,0,0,2,0,0,0,4,0,0,0,0,0,0,0,0,0,0,0,0,1
8,472,48,L,25,0,75,25,BARNACLES,25,TAR,25,ORANGE,0,0,0,0,0,0,0,0,0,0,0,1,0,0,0,0,0,0,0,0,0,0,0,0,0,0,0,0,0,0
8,473,49,L,25,0,75,25,TAR,25,BARNACLES,25,ORANGE,0,0,0,0,1,0,0,0,0,0,0,0,2,0,0,0,2,0,1,0,0,0,0,0,0,1,0,7,0,1
8,474,50,L,25,25,50,25,BARNACLES,25,TAR,25,UNKNOWN_OTHER_PORIFERA,0,0,0,0,0,1,0,0,1,0,0,0,2,0,1,0,2,0,0,0,0,0,0,3,0,0,0,1,1,1
8,475,51,L,25,25,50,25,TAR,25,UNKNOWN_OTHER_PORIFERA,25,BARNACLES,25,UNKNOWN_OTHER_PORIFERA,0,0,0,0,1,0,0,0,0,1,2,0,3,0,4,0,0,0,0,0,0,2,0,0,0,0,0,1
8,476,52,L,25,25,50,25,UNKNOWN_OTHER_PORIFERA,25,TAR,25,BARNACLES,25,ORANGE,0,0,0,1,1,0,0,0,0,0,3,0,0,0,2,0,2,0,0,0,0,2,0,0,0,0,0,1
8,477,53,L,0,25,75,25,BARNACLES,25,TAR,25,ORANGE,25,CCA,0,0,0,1,0,0,0,0,0,0,0,0,0,0,0,0,0,0,0,0,0,0,0,0,0,1,0,0
8,478,54,L,0,25,75,25,TAR,25,BARNACLES,25,UNKNOWN_OTHER_PORIFERA,0,0,0,0,1,0,0,0,1,0,0,4,0,0,0,0,0,0,2,0,0,0,0,0,0,0,0,0,1,0
8,479,55,L,25,25,50,50,BARE ROCK,25,BARNACLES,25,TAR,0,0,0,0,0,0,7,0,0,0,0,0,0,0,0,0,0,0,0,0,0,0,0,0,0,0,0,0,0,0
8,480,56,L,25,50,25,25,BARNACLES,75,BARE ROCK,25,TAR,0,0,1,0,0,2,15,0,0,0,0,0,0,2,8,0,0,0,0,0,0,0,0,0,0,0,0,2,0,0
8,481,57,L,25,50,25,0,0,0,0,0,0,0,0,0,0,0,0,0,0,0,0,0,0,0,0,0,0,0,0,0,0,0,0,0,0,0,0,0,0,0,0
8,482,58,L,25,75,0,0,0,0,0,0,0,0,0,0,0,0,0,0,0,0,0,0,0,0,0,0,0,0,0,0,0,0,0,0,0,0,0,0,0,0,0
